coded_semel,semel,num,YESHUV_CODE,"prec_recruitment",total
16,5000,30407.33712,1282,0.695,21133.0993
24,3000,75808.07363,1091,0.228,17284.24079
12,8300,19865.97518,1048,0.794,15773.58429
62,7900,24380.76158,906,0.561,13677.60725
39,4000,18415.45378,863,0.723,13314.37308
4,3797,15384.42612,851,0.81,12461.38516
11,6600,16889.23068,784,0.713,12042.02147
48,9000,16896.73486,688,0.679,11472.88297
10,7400,19926.90791,667,0.53,10561.26119
32,1200,12911.59655,629,0.81,10458.39321
93,70,23463.25861,605,0.444,10417.68682
57,8600,11253.65286,523,0.795,8946.654024
26,8400,14665.68428,456,0.582,8535.428251
14,3780,12063.87449,454,0.640059701,7721.599905
59,6900,9799.994179,439,0.772,7565.595506
40,6400,8209.497001,436,0.8,6567.597601
0,1309,10014.02365,420,0.640059701,6409.572988
22,9700,6829.864448,379,0.88,6010.280714
41,6500,8531.05995,341,0.676,5766.996526
13,8700,8094.362812,291,0.684,5536.544163
31,6200,8422.285008,290,0.649,5466.06297
117,7200,5788.712629,265,0.8,4630.970103
162,2650,5118.379551,252,0.87,4452.990209
52,2610,21294.47933,247,0.206,4386.662742
19,2620,4561.359633,240,0.857,3909.085205
76,6300,4652.81715,229,0.83,3861.838235
90,2640,5541.175412,225,0.687,3806.787508
110,6800,5066.718036,216,0.677,3430.16811
71,9100,4872.718018,216,0.703,3425.520767
17,2630,5603.865887,209,0.611,3423.962057
23,8500,5880.124009,206,0.576,3386.951429
53,7000,5557.225439,201,0.597,3317.663587
42,2660,4808.318115,195,0.683,3284.081273
47,7800,4868.293167,194,0.640059701,3115.998271
5,2600,4062.8037,191,0.748,3038.977168
111,7700,4394.343595,182,0.667,2931.027178
51,3616,4587.16284,175,0.609,2793.58217
61,1139,3510.63734,172,0.792,2780.424773
20,8200,3412.302835,170,0.799,2726.429965
77,9500,3216.665972,170,0.784,2521.866122
120,9400,3025.562239,154,0.79,2390.194169
107,2550,3592.062779,151,0.640059701,2299.13463
36,2200,3359.766883,149,0.677,2274.56218
80,6700,4242.061969,147,0.52,2205.872224
100,2400,3437.360321,145,0.61,2096.789796
87,166,3023.169374,145,0.683,2064.824682
123,7600,2964.7009,143,0.693,2054.537724
130,9600,2679.244364,143,0.713,1910.301232
138,240,2477.999246,137,0.75,1858.499435
33,9300,2845.608066,133,0.640059701,1821.359049
9,2530,2802.637614,130,0.640059701,1793.855395
145,195,2735.524816,126,0.640059701,1750.899197
160,168,2696.350083,123,0.640059701,1725.825029
79,1304,2639.712143,123,0.640059701,1689.573366
153,3730,2523.835218,120,0.640059701,1615.405216
170,229,2370.993514,117,0.640059701,1517.577401
37,874,2382.62008,115,0.617,1470.076589
102,1015,2278.991177,112,0.640059701,1458.690412
148,246,5044.024896,112,0.281,1417.370996
156,2560,2206.029847,106,0.637,1405.241013
29,28,2137.602095,101,0.640059701,1368.192959
2,1061,2106.727489,96,0.640059701,1348.431368
240,2500,1643.592042,94,0.795,1306.655673
243,9800,2041.292427,91,0.640059701,1306.549021
112,681,3068.584469,86,0.423,1298.01123
69,31,3325.413665,82,0.389,1293.585916
113,2800,1927.464611,75,0.652,1256.706926
94,1031,2303.157135,73,0.523,1204.551182
157,922,1845.843903,73,0.640059701,1181.450298
125,8000,4623.104277,71,0.252,1165.022278
104,2100,1880.267089,71,0.618,1162.005061
122,182,1797.071846,71,0.640059701,1150.233269
74,154,1767.762547,69,0.640059701,1131.473568
56,3570,1370.331124,68,0.812,1112.708873
210,2300,1668.693207,68,0.640059701,1068.063276
163,3779,1643.561504,62,0.640059701,1051.977486
49,3650,1573.462293,62,0.640059701,1007.109806
155,1020,1672.030314,62,0.602,1006.562249
58,6100,29596.33859,61,0.034,1006.275512
183,9200,2032.015091,58,0.442,898.1506702
38,1034,2626.490734,57,0.341,895.6333403
121,1063,1487.690364,56,0.581,864.3481015
200,1268,1297.259327,56,0.640059701,830.3234176
176,3760,1158.120403,50,0.640059701,741.2661994
278,696,1148.405987,49,0.640059701,735.0483932
8,1113,1077.959198,49,0.640059701,689.9582425
152,831,1069.370531,48,0.640059701,684.4609829
126,565,1064.925367,47,0.640059701,681.6158125
201,3611,1059.872911,46,0.640059701,678.381939
204,2034,1035.478944,42,0.640059701,662.7683438
18,3750,1023.948443,41,0.640059701,655.3881348
137,469,1001.572362,40,0.640059701,641.066107
98,3788,998.3526902,40,0.640059701,639.0053249
3,1224,989.5025345,39,0.640059701,633.3406969
142,1247,952.6622488,39,0.640059701,609.7607146
356,666,946.5399168,39,0.640059701,605.8420566
82,3640,930.5719812,39,0.640059701,595.6216245
195,53,906.1259649,39,0.640059701,579.9747146
105,3763,870.1144515,36,0.640059701,556.9251961
215,577,858.2702893,36,0.640059701,549.3442252
258,3574,858.1398003,35,0.640059701,549.2607044
131,1137,852.4761758,34,0.640059701,545.6356466
60,1345,791.9876906,32,0.640059701,506.9194048
468,122,787.8980018,32,0.640059701,504.3017598
73,3557,774.4014545,31,0.640059701,495.6631638
213,3641,771.5521437,31,0.640059701,493.8394348
178,1319,740.2827834,31,0.640059701,473.8251774
442,3720,737.8250913,29,0.640059701,472.2521077
15,466,734.4647576,28,0.640059701,470.1012935
81,3823,564.3626109,28,0.81,457.1337148
106,3638,711.8687973,28,0.640059701,455.6385299
305,1271,699.8772728,26,0.640059701,447.9632383
214,4100,684.6803863,24,0.640059701,438.2363237
249,46,680.8229542,24,0.640059701,435.7673368
322,812,673.4428017,23,0.640059701,431.0435986
141,3563,667.8315565,23,0.640059701,427.4520667
133,3652,642.6794674,23,0.640059701,411.3532281
335,3660,630.5966838,22,0.640059701,403.6195252
189,1263,619.9489583,22,0.640059701,396.8043452
264,3765,605.8198286,22,0.640059701,387.7608587
292,1167,593.8972059,22,0.640059701,380.1296683
85,171,586.0421669,22,0.640059701,375.1019744
116,3795,572.2211246,21,0.640059701,366.2556822
63,3617,556.8221652,21,0.640059701,356.3994288
331,47,546.4940925,21,0.640059701,349.7888457
642,3769,539.3797181,21,0.640059701,345.2352214
294,3727,525.4460714,21,0.640059701,336.3168556
410,587,520.8131991,21,0.640059701,333.3515407
194,3709,507.9235669,21,0.640059701,325.1014066
78,3560,499.4064546,20,0.640059701,319.6499463
491,1066,496.5173295,19,0.640059701,317.8007337
188,99,480.3021109,19,0.640059701,307.4220257
217,3618,472.0967327,19,0.640059701,302.1700938
219,1315,461.2718284,19,0.640059701,295.2415088
221,3604,458.6850005,19,0.640059701,293.5857845
542,276,430.8664717,19,0.640059701,275.7802653
109,3725,427.1023432,18,0.640059701,273.3709983
44,709,422.3966942,18,0.640059701,270.359102
316,3796,406.0244925,18,0.640059701,259.8799155
187,3647,405.0786713,18,0.640059701,259.2745334
377,1337,403.6175502,18,0.640059701,258.3393287
231,41,402.3712945,18,0.640059701,257.5416506
164,3564,396.0493938,18,0.640059701,253.4952568
173,3710,390.3782043,18,0.640059701,249.8653569
455,351,388.4277007,18,0.640059701,248.6169182
103,1050,372.1543144,18,0.640059701,238.2009794
132,3659,357.0653907,17,0.640059701,228.5431674
253,3768,355.7554692,17,0.640059701,227.7047394
158,3778,347.31297,17,0.640059701,222.3010359
573,1330,337.1287164,17,0.640059701,215.7825056
309,1284,332.7527629,17,0.640059701,212.9816341
276,3791,332.1002002,17,0.640059701,212.563955
175,1243,329.9967017,17,0.640059701,211.2175904
349,1186,328.251097,17,0.640059701,210.1002992
325,3793,327.2561272,17,0.640059701,209.4634591
50,3770,320.7003166,16,0.640059701,205.2673489
511,3651,311.2734473,16,0.640059701,199.2335898
618,26,311.0510989,16,0.640059701,199.0912735
229,1274,310.6468209,16,0.640059701,198.8325115
97,3576,310.4568152,15,0.640059701,198.7108965
416,147,307.2151176,15,0.640059701,196.6360165
552,400,303.9593232,15,0.640059701,194.5521137
332,59,301.9650352,15,0.640059701,193.2756503
320,1333,299.4724949,15,0.640059701,191.6802757
439,3749,288.9750869,15,0.640059701,184.9613079
389,3787,286.5332847,15,0.640059701,183.3984087
184,1178,284.113499,15,0.640059701,181.8496014
28,1310,273.4537988,15,0.640059701,175.0267568
591,326,257.7020646,15,0.640059701,164.9447065
378,661,256.468821,14,0.640059701,164.155357
300,3726,254.7095725,14,0.640059701,163.0293329
226,2038,251.3526674,14,0.640059701,160.8807133
671,1098,248.8677245,14,0.640059701,159.2902015
496,797,247.7251368,14,0.640059701,158.5588771
235,3655,242.6931745,14,0.640059701,155.3381208
72,3744,241.4197133,14,0.640059701,154.5230296
603,3579,240.7551617,14,0.640059701,154.0976769
479,1191,240.6016791,13,0.640059701,153.9994389
251,1368,238.1544178,13,0.640059701,152.4330456
252,190,229.7677918,13,0.640059701,147.0651042
272,615,229.7590987,13,0.640059701,147.0595401
434,3747,228.9157459,13,0.640059701,146.519744
628,3603,225.7075323,13,0.640059701,144.4662957
345,274,224.4969493,13,0.640059701,143.6914504
554,3575,223.8441197,13,0.640059701,143.2736004
222,763,223.6788505,13,0.640059701,143.1678183
427,1344,223.5785072,13,0.640059701,143.1035926
420,3572,221.5910784,12,0.640059701,141.8315195
681,267,221.5638051,12,0.640059701,141.814063
346,3794,221.056647,12,0.640059701,141.4894515
422,1293,219.4680266,12,0.640059701,140.4726396
92,825,219.1900226,12,0.640059701,140.2947004
536,574,218.7081651,12,0.640059701,139.9862829
255,3654,217.6794751,12,0.640059701,139.3278599
596,1140,216.6710349,12,0.640059701,138.6823979
224,3766,216.1943383,12,0.640059701,138.3772836
259,157,215.6451869,12,0.640059701,138.025794
25,856,215.5859838,12,0.640059701,137.9879004
128,1199,214.8468837,12,0.640059701,137.5148322
373,3643,214.4494202,12,0.640059701,137.2604319
447,3781,212.8406424,12,0.640059701,136.230718
327,1082,205.3886463,12,0.640059701,131.4609956
293,1288,203.2641027,12,0.640059701,130.1011609
372,588,202.7502976,12,0.640059701,129.772295
167,162,201.0339884,12,0.640059701,128.6737546
290,2055,200.1000036,12,0.640059701,128.0759486
169,65,199.392891,12,0.640059701,127.6233543
486,3602,198.6366559,12,0.640059701,127.1393187
43,562,194.452993,12,0.640059701,124.4615247
282,249,193.8966021,11,0.640059701,124.1054013
438,375,193.3766355,11,0.640059701,123.7725916
286,3762,192.5588493,11,0.640059701,123.2491596
75,103,189.8648795,11,0.640059701,121.5248581
328,736,188.4706831,11,0.640059701,120.6324892
330,3573,187.9145403,11,0.640059701,120.2765246
405,598,187.8755888,11,0.640059701,120.2515933
321,1376,186.9873207,11,0.640059701,119.6830487
236,720,186.2355838,11,0.640059701,119.2018922
369,663,184.7255288,11,0.640059701,118.2353668
165,3567,184.2056523,11,0.640059701,117.9026148
366,445,182.3832784,11,0.640059701,116.7361867
521,745,181.1343284,11,0.640059701,115.9367842
203,325,181.0027731,10,0.640059701,115.8525809
368,160,180.8851174,10,0.640059701,115.7772742
391,29,179.6974981,10,0.640059701,115.017127
140,284,178.8958671,10,0.640059701,114.5040353
737,1226,178.524299,10,0.640059701,114.2662095
265,579,178.3443292,10,0.640059701,114.1510181
273,206,177.9992887,10,0.640059701,113.9301716
202,187,177.8736896,10,0.640059701,113.8497807
211,3715,176.7958543,10,0.640059701,113.1599017
115,739,176.7592049,10,0.640059701,113.1364439
363,694,175.0908617,10,0.640059701,112.0686047
66,687,175.0616855,10,0.640059701,112.0499302
557,158,172.0274755,10,0.640059701,110.1078546
424,1240,170.4840991,10,0.640059701,109.1200016
388,880,167.1515949,10,0.640059701,106.9869999
101,217,166.9921876,10,0.640059701,106.8849697
601,4304,166.8310881,10,0.640059701,106.7818564
246,1190,165.3673469,10,0.640059701,105.8449747
269,3746,164.9831664,10,0.640059701,105.5990762
393,241,139.9620259,10,0.75,104.9715194
413,3756,163.9257207,10,0.640059701,104.9222479
150,155,163.4639255,10,0.640059701,104.6266714
127,804,162.7828737,10,0.640059701,104.1907575
418,858,162.1356529,10,0.640059701,103.7764976
426,213,161.9909355,10,0.640059701,103.6838698
181,320,161.657081,10,0.640059701,103.470183
139,429,161.5228224,9,0.640059701,103.3842495
257,21,160.3614409,9,0.640059701,102.640896
387,242,158.7998101,9,0.640059701,101.641359
498,4005,158.7273133,9,0.640059701,101.5949568
223,563,157.2672804,9,0.640059701,100.6604485
275,1264,157.1850258,9,0.640059701,100.6078007
302,175,156.3614552,9,0.640059701,100.0806663
166,606,155.5071375,9,0.640059701,99.53385201
390,662,155.4549132,9,0.640059701,99.50042534
509,232,155.3412544,9,0.640059701,99.42767692
220,700,154.3166613,9,0.640059701,98.77187617
86,142,153.5680328,9,0.640059701,98.29270923
594,140,153.3797578,9,0.640059701,98.17220199
208,449,153.3624869,9,0.640059701,98.16114759
658,462,153.2432432,9,0.640059701,98.0848245
392,2043,153.1042518,9,0.640059701,97.9958617
507,710,152.7189236,9,0.640059701,97.74922865
487,3822,152.3516209,9,0.640059701,97.514133
168,282,151.8746462,9,0.640059701,97.20884071
84,824,151.6576726,9,0.640059701,97.06996465
27,1366,151.6148382,9,0.640059701,97.04254808
65,917,151.6037277,9,0.640059701,97.0354367
54,1257,151.4243952,9,0.640059701,96.92065319
147,269,150.7252298,9,0.640059701,96.47314559
277,247,150.3728689,9,0.640059701,96.24761358
586,329,150.0657375,9,0.640059701,96.05103115
136,740,148.8255495,9,0.640059701,95.25723679
311,1282,148.7289073,9,0.640059701,95.19538001
288,746,148.7244898,9,0.640059701,95.19255255
254,683,148.1612787,9,0.640059701,94.83206382
818,697,148.1313345,9,0.640059701,94.81289774
314,1363,148.0363636,9,0.640059701,94.7521107
490,592,146.7584089,9,0.640059701,93.93414339
608,715,146.5840416,9,0.640059701,93.82253791
262,66,146.5837507,9,0.640059701,93.82235172
99,817,146.2290187,9,0.640059701,93.59530206
595,418,146.1003284,9,0.640059701,93.51293258
291,586,145.5633869,8,0.640059701,93.16925797
313,1181,145.3825295,8,0.640059701,93.05349843
336,96,145.0318451,8,0.640059701,92.82903948
667,767,144.892306,8,0.640059701,92.73972613
250,234,144.7001621,8,0.640059701,92.61674256
569,3571,144.4194038,8,0.640059701,92.43704049
604,849,144.3914194,8,0.640059701,92.4191288
814,594,144.0494336,8,0.640059701,92.20023747
430,389,143.9503443,8,0.640059701,92.1368144
326,1369,143.7928222,8,0.640059701,92.03599085
672,758,143.6559993,8,0.640059701,91.94841603
161,309,143.4155777,8,0.640059701,91.79453185
746,837,142.7075349,8,0.640059701,91.34134219
199,692,142.470391,8,0.640059701,91.18955593
446,331,142.0835934,8,0.640059701,90.94198238
584,1222,141.966918,8,0.640059701,90.86730316
192,316,141.5421565,8,0.640059701,90.59543044
355,288,141.1122371,8,0.640059701,90.32025636
216,3743,140.7363625,8,0.640059701,90.07967417
342,307,140.1035161,8,0.640059701,89.67461469
323,85,139.8166231,8,0.640059701,89.49098605
452,425,139.7169093,8,0.640059701,89.42716326
205,189,139.1458311,8,0.640059701,89.06163912
495,315,138.7940072,8,0.640059701,88.83645082
268,294,138.7632713,8,0.640059701,88.81677801
89,571,138.6866225,8,0.640059701,88.7677182
244,419,138.5391794,8,0.640059701,88.67334581
695,711,138.2212027,8,0.640059701,88.46982174
289,2018,137.6665868,8,0.640059701,88.11483445
191,1265,137.64,8,0.640059701,88.09781731
270,1182,137.6247303,8,0.640059701,88.08804379
360,198,137.2780131,8,0.640059701,87.86612409
382,1069,136.7029206,8,0.640059701,87.49803055
307,64,136.6202688,8,0.640059701,87.44512847
732,205,136.2876325,8,0.640059701,87.23222138
180,3712,136.1247915,8,0.640059701,87.12799341
198,1371,135.5778547,8,0.640059701,86.77792121
441,4007,135.1892617,8,0.640059701,86.52919849
412,134,134.9604959,8,0.640059701,86.38277472
70,737,134.9590034,8,0.640059701,86.38181943
693,1080,134.570367,8,0.640059701,86.13306893
449,405,133.8204675,8,0.640059701,85.65308848
483,1070,133.78925,8,0.640059701,85.63310742
482,1228,133.7363746,8,0.640059701,85.59926401
724,4701,132.3333333,8,0.640059701,84.70123381
354,801,132.1380548,8,0.640059701,84.57624391
67,1314,131.8380817,8,0.640059701,84.38424322
707,813,130.9547918,8,0.640059701,83.81888495
760,871,130.4544501,8,0.640059701,83.49863639
470,814,130.0586424,8,0.640059701,83.24529583
492,3608,130.0535828,7,0.640059701,83.24205739
533,1112,129.9919285,7,0.640059701,83.20259495
589,1370,129.240022,7,0.640059701,82.7213299
464,377,128.9955002,7,0.640059701,82.56482135
744,3754,128.8841202,7,0.640059701,82.4935315
353,771,128.7706442,7,0.640059701,82.42090009
83,698,128.6176904,7,0.640059701,82.32300052
458,3767,127.9931034,7,0.640059701,81.92322756
394,1294,127.804878,7,0.640059701,81.80275206
706,454,127.6811722,7,0.640059701,81.72357296
182,851,127.578927,7,0.640059701,81.65812993
318,126,127.3105917,7,0.640059701,81.48637932
797,788,126.9440762,7,0.640059701,81.25178752
297,4011,126.8248276,7,0.640059701,81.1754613
340,778,126.3785456,7,0.640059701,80.88981417
386,2015,126.3117669,7,0.640059701,80.84707182
359,364,126.1759323,7,0.640059701,80.76012956
639,382,126.1195998,7,0.640059701,80.7240734
423,436,125.7552523,7,0.640059701,80.49086925
385,1207,125.4373575,7,0.640059701,80.2873976
95,437,125.4138611,7,0.640059701,80.2723585
646,717,125.0658928,7,0.640059701,80.04963801
456,335,124.9672782,7,0.640059701,79.98651878
425,3648,124.8571036,7,0.640059701,79.91600046
242,3752,124.6363222,7,0.640059701,79.77468718
551,1123,124.4790487,7,0.640059701,79.67402275
630,2011,124.2571941,7,0.640059701,79.53202256
68,689,123.9966631,7,0.640059701,79.36526717
358,780,123.0429498,7,0.640059701,78.75483372
689,3790,122.9975766,7,0.640059701,78.72579216
324,1105,122.8545211,7,0.640059701,78.6342281
502,3578,122.7273793,7,0.640059701,78.55284976
566,787,122.4800095,7,0.640059701,78.39451832
523,699,122.4120928,7,0.640059701,78.35104758
808,4006,122.2065081,7,0.640059701,78.21946109
558,593,122.2013451,7,0.640059701,78.21615647
508,549,122.1766781,7,0.640059701,78.20036811
544,841,121.8864834,7,0.640059701,78.01462618
867,368,121.8692655,7,0.640059701,78.0036057
473,757,121.0539988,7,0.640059701,77.48178634
7,3653,120.806339,7,0.640059701,77.32326928
545,616,120.6079491,7,0.640059701,77.1962879
362,580,119.9335049,7,0.640059701,76.76460335
206,52,119.9240313,7,0.640059701,76.75853968
547,688,119.8230337,6,0.640059701,76.69389518
687,1242,119.2839456,6,0.640059701,76.34884661
620,1174,118.9537037,6,0.640059701,76.13747208
572,1204,118.8285969,6,0.640059701,76.05739626
553,679,118.4842542,6,0.640059701,75.83699637
21,575,118.4146299,6,0.640059701,75.79243267
610,742,118.3230678,6,0.640059701,75.73382746
540,426,118.3067111,6,0.640059701,75.72335819
428,798,118.143964,6,0.640059701,75.61919033
466,559,118.1137993,6,0.640059701,75.59988312
625,686,117.6375121,6,0.640059701,75.29503088
186,756,116.8916597,6,0.640059701,74.81764081
607,3777,116.5934489,6,0.640059701,74.6267681
751,1340,116.3832335,6,0.640059701,74.49221769
88,785,116.324232,6,0.640059701,74.45445321
379,799,116.2584282,6,0.640059701,74.41233485
588,446,115.4082343,6,0.640059701,73.86816
499,4015,115.2251887,6,0.640059701,73.75099988
644,268,115.0139907,6,0.640059701,73.61582055
134,77,114.9837951,6,0.640059701,73.59649357
284,743,114.6944209,6,0.640059701,73.4112768
280,591,114.3716534,6,0.640059701,73.20468633
347,818,114.2496571,6,0.640059701,73.12660142
745,861,114.2328156,6,0.640059701,73.11582185
562,3658,114.1211111,6,0.640059701,73.0443243
245,576,113.6203512,6,0.640059701,72.72380807
555,718,113.5954443,6,0.640059701,72.70786617
743,665,113.1855956,6,0.640059701,72.44553853
248,3764,113.0344828,6,0.640059701,72.34881732
453,396,112.8748422,6,0.640059701,72.2466378
118,3649,112.7922836,6,0.640059701,72.19379537
710,618,112.6849549,6,0.640059701,72.1250986
55,570,112.4762087,6,0.640059701,71.99148857
497,685,112.417094,6,0.640059701,71.95365163
769,448,112.2898355,6,0.640059701,71.87219859
661,3657,112.1747899,6,0.640059701,71.79856254
821,133,112.0265127,6,0.640059701,71.70365628
600,793,111.7805435,6,0.640059701,71.54622131
771,3748,111.6139847,6,0.640059701,71.43961373
303,822,111.2282995,6,0.640059701,71.19275218
287,395,111.1330235,6,0.640059701,71.13176985
467,184,110.9564865,6,0.640059701,71.01877563
592,609,110.8682354,6,0.640059701,70.96228966
415,447,110.5304642,6,0.640059701,70.74609592
800,165,110.2722042,6,0.640059701,70.5807941
256,612,110.2004787,6,0.640059701,70.5348855
179,43,110.0624336,6,0.640059701,70.4465284
516,177,110.02391,6,0.640059701,70.42187099
46,564,109.9095873,6,0.640059701,70.34869764
193,828,109.62193,6,0.640059701,70.16457979
833,387,109.5761625,6,0.640059701,70.13528586
404,191,109.3431642,6,0.640059701,69.98615304
611,622,109.3020753,6,0.640059701,69.95985369
380,379,109.2205643,6,0.640059701,69.90768178
727,1179,109.1121524,6,0.640059701,69.83829169
748,173,108.9888453,6,0.640059701,69.75936779
367,791,108.941717,6,0.640059701,69.72920286
348,2003,108.6016707,6,0.640059701,69.51155293
371,1095,108.4266667,6,0.640059701,69.39953992
281,440,108.0909091,6,0.640059701,69.18463501
462,888,108.020322,6,0.640059701,69.13945505
613,1171,107.7517689,6,0.640059701,68.96756504
700,308,106.9915203,6,0.640059701,68.48096055
820,761,106.9896334,6,0.640059701,68.47975282
529,760,106.7217509,6,0.640059701,68.30829202
702,1114,106.6747705,6,0.640059701,68.27822176
643,365,106.4952227,6,0.640059701,68.16330045
334,772,106.0550594,6,0.640059701,67.88156966
91,1244,105.9263284,6,0.640059701,67.79917414
488,850,105.521784,6,0.640059701,67.54024157
669,1313,105.3975904,6,0.640059701,67.46075025
682,734,105.3017178,6,0.640059701,67.39938606
337,1260,105.2569832,5,0.640059701,67.37075325
471,431,105.2436195,5,0.640059701,67.36219968
786,390,105.1989766,5,0.640059701,67.33362556
357,399,104.7773392,5,0.640059701,67.06375245
531,853,104.755986,5,0.640059701,67.05008513
641,357,104.7392907,5,0.640059701,67.03939914
472,1201,104.6702006,5,0.640059701,66.99517735
197,604,104.371741,5,0.640059701,66.80414539
773,340,104.2834829,5,0.640059701,66.74765494
172,802,104.1811763,5,0.640059701,66.6821726
185,819,104.0750605,5,0.640059701,66.61425216
474,723,103.8961039,5,0.640059701,66.49970925
517,380,103.5607169,5,0.640059701,66.28504155
599,3599,103.5018548,5,0.640059701,66.24736629
457,1297,103.4804409,5,0.640059701,66.23366011
144,1336,103.0651325,5,0.640059701,65.96783794
451,16,102.7843747,5,0.640059701,65.78813619
640,1165,102.7315472,5,0.640059701,65.75432343
384,721,102.7118644,5,0.640059701,65.74172527
904,919,102.697403,5,0.640059701,65.73246911
829,409,102.6901387,5,0.640059701,65.72781952
570,176,102.6518862,5,0.640059701,65.70333564
583,806,102.0188121,5,0.640059701,65.29813042
267,415,102.0131692,5,0.640059701,65.29451863
550,2033,101.8205128,5,0.640059701,65.17120703
666,765,101.8160527,5,0.640059701,65.1683523
459,306,101.7630285,5,0.640059701,65.13441364
432,2048,101.6936937,5,0.640059701,65.09003523
239,1064,101.5921346,5,0.640059701,65.02503135
351,690,101.3108108,5,0.640059701,64.84496732
698,327,100.8926586,5,0.640059701,64.57732495
463,1160,100.6476453,5,0.640059701,64.42050181
720,610,100.6289176,5,0.640059701,64.40851496
361,2010,99.71903806,5,0.640059701,63.82613773
763,707,99.68254892,5,0.640059701,63.80278251
799,397,99.63279205,5,0.640059701,63.77093514
96,727,99.45385618,5,0.640059701,63.6564055
129,749,99.2987509,5,0.640059701,63.55712886
228,1071,99.10109553,5,0.640059701,63.43061762
764,280,98.87771191,5,0.640059701,63.28763877
409,386,98.8226865,5,0.640059701,63.25241922
477,24,98.60353062,5,0.640059701,63.11214637
717,747,98.4993259,5,0.640059701,63.04544913
527,1374,98.44094488,5,0.640059701,63.00808179
709,67,98.30787561,5,0.640059701,62.92290952
350,722,98.13400724,5,0.640059701,62.81162338
665,1138,98.11948702,5,0.640059701,62.80232957
510,796,98.09302326,5,0.640059701,62.78539119
119,731,97.95642118,5,0.640059701,62.6979577
526,1127,97.95238095,5,0.640059701,62.69537171
660,3613,97.91666667,5,0.640059701,62.67251244
528,857,97.81179436,5,0.640059701,62.6053879
421,286,97.61966659,5,0.640059701,62.48241466
721,877,97.57535649,5,0.640059701,62.45405355
766,174,97.32180104,5,0.640059701,62.29176292
401,744,97.29184482,5,0.640059701,62.27258915
565,2061,96.90248167,5,0.640059701,62.02337349
548,863,96.69243942,5,0.640059701,61.88893391
780,1183,96.61089436,5,0.640059701,61.8367402
512,762,96.51117159,5,0.640059701,61.77291168
712,115,96.50001936,5,0.640059701,61.76577359
444,2013,96.47633474,5,0.640059701,61.75061401
209,803,96.43524786,5,0.640059701,61.72431596
633,259,96.06578947,5,0.640059701,61.48784053
407,130,95.84688473,5,0.640059701,61.34772843
475,3784,95.66943885,5,0.640059701,61.23415247
816,72,95.66270028,5,0.640059701,61.22983939
703,1177,95.4768353,5,0.640059701,61.1108747
617,680,95.40351879,5,0.640059701,61.06394776
736,48,95.27435244,5,0.640059701,60.98127358
612,363,95,5,0.640059701,60.80567164
375,233,94.96510022,5,0.640059701,60.7833337
567,2029,94.94194161,5,0.640059701,60.76851081
285,414,94.92470508,5,0.640059701,60.7574784
580,1221,94.86227468,5,0.640059701,60.71751921
343,334,89.39679499,5,0.677,60.52163021
715,748,94.41233835,5,0.640059701,60.4295331
352,773,94.2729364,5,0.640059701,60.34030753
574,613,94.09467945,5,0.640059701,60.22621244
308,230,93.50608083,5,0.640059701,59.84947418
561,673,93.50114416,5,0.640059701,59.84631442
30,208,93.49929154,5,0.640059701,59.84512863
650,726,93.47252584,5,0.640059701,59.82799699
398,383,93.2905222,5,0.640059701,59.71150379
493,80,93.17553741,5,0.640059701,59.63790666
443,1065,93.00053419,5,0.640059701,59.52589415
435,178,92.74956428,5,0.640059701,59.36525843
850,784,92.61892093,5,0.640059701,59.28163888
227,2049,92.28693479,5,0.640059701,59.06914793
465,7,91.90754857,5,0.640059701,58.8263181
825,3488,91.85109674,5,0.640059701,58.79018556
805,706,91.79360588,4,0.640059701,58.75338798
151,582,91.45409094,4,0.640059701,58.53607815
615,800,91.4380899,4,0.640059701,58.52583653
653,2045,91.35843794,4,0.640059701,58.47485452
535,805,91.24074307,4,0.640059701,58.39952277
637,839,91.24061033,4,0.640059701,58.39943781
525,289,91.15602562,4,0.640059701,58.34529855
582,729,91.05985865,4,0.640059701,58.28374595
810,366,90.99870036,4,0.640059701,58.24460099
146,90,90.86418913,4,0.640059701,58.15850577
679,204,90.85282867,4,0.640059701,58.1512344
408,132,90.5915001,4,0.640059701,57.98396851
631,585,90.34955978,4,0.640059701,57.82911226
241,1365,90.25274725,4,0.640059701,57.76714646
670,225,90.1962227,4,0.640059701,57.73096738
621,248,90.07821287,4,0.640059701,57.65543404
775,1419,89.6807048,4,0.640059701,57.40100514
716,620,89.66427547,4,0.640059701,57.39048939
383,735,89.50878505,4,0.640059701,57.29096624
571,428,89.45137881,4,0.640059701,57.25422282
374,607,89.45058043,4,0.640059701,57.25371181
907,71,89.29058482,4,0.640059701,57.15130507
659,170,89.07121798,4,0.640059701,57.01089719
263,4101,89.03722377,4,0.640059701,56.98913887
339,827,88.99276619,4,0.640059701,56.96068336
304,677,88.83294817,4,0.640059701,56.85839029
648,584,88.72469396,4,0.640059701,56.78910113
694,112,88.52183883,4,0.640059701,56.65926174
690,1024,88.40418084,4,0.640059701,56.5839536
593,701,88.21477682,4,0.640059701,56.46272372
587,197,88.00846564,4,0.640059701,56.33067225
539,256,87.92182182,4,0.640059701,56.27521503
271,553,87.51515152,4,0.640059701,56.01492176
729,79,87.43506422,4,0.640059701,55.9636611
299,764,87.09074279,4,0.640059701,55.74327483
518,674,86.98094048,4,0.640059701,55.6729948
520,708,86.86243654,4,0.640059701,55.5971452
274,1236,86.4609985,4,0.640059701,55.34020089
692,435,86.26116761,4,0.640059701,55.21229719
783,1323,86.26074676,4,0.640059701,55.21202782
654,97,85.62044054,4,0.640059701,54.80219361
135,373,85.35400347,4,0.640059701,54.63165798
722,374,85.23837209,4,0.640059701,54.557647
546,605,85.05187835,4,0.640059701,54.43827987
752,360,84.86335087,4,0.640059701,54.31761103
647,33,84.70358822,4,0.640059701,54.21535339
298,838,84.68431293,4,0.640059701,54.20301606
338,300,84.68005047,4,0.640059701,54.20028783
828,290,84.66660309,4,0.640059701,54.1916807
719,2002,84.63533169,4,0.640059701,54.17166514
827,779,84.25042015,4,0.640059701,53.92529877
708,732,84.23787336,4,0.640059701,53.91726808
232,4026,83.89004096,4,0.640059701,53.69463458
207,668,83.83847618,4,0.640059701,53.66163004
756,4021,83.54479911,4,0.640059701,53.47365918
494,255,83.51988995,4,0.640059701,53.45771583
411,807,83.51029252,4,0.640059701,53.4515729
844,463,83.03993694,4,0.640059701,53.15051725
886,292,82.96457946,4,0.640059701,53.10228396
174,135,82.79018981,4,0.640059701,52.99066418
801,433,82.78863372,4,0.640059701,52.98966819
400,430,82.58584666,4,0.640059701,52.85987236
190,3644,82.52281241,4,0.640059701,52.81952668
247,344,82.44099302,4,0.640059701,52.76715738
159,376,82.23655633,4,0.640059701,52.6363057
790,672,82.22794535,4,0.640059701,52.63079416
705,167,81.68927202,4,0.640059701,52.28601106
723,219,81.42433298,4,0.640059701,52.11643426
514,313,81.31632813,4,0.640059701,52.04730471
857,434,81.17802198,4,0.640059701,51.95878052
768,163,80.88201813,4,0.640059701,51.76932038
564,302,80.83463403,4,0.640059701,51.73899173
489,250,80.69983909,4,0.640059701,51.65271492
852,82,80.49754623,4,0.640059701,51.52323541
212,339,80.42902879,4,0.640059701,51.47938016
909,4702,80.40892901,4,0.640059701,51.4665151
306,18,80.26956434,4,0.640059701,51.37731339
759,682,80.08155907,4,0.640059701,51.25697879
35,567,80.00017159,4,0.640059701,51.20488595
381,866,79.6780003,3,0.640059701,50.99867709
626,3724,79.67045455,3,0.640059701,50.99384736
344,753,79.3696191,3,0.640059701,50.80129471
225,2060,79.30681045,3,0.640059701,50.76109342
154,1372,79.13855422,3,0.640059701,50.65339939
728,388,78.82099528,3,0.640059701,50.45014271
911,239,78.7847528,3,0.640059701,50.42694536
779,789,78.27815746,3,0.640059701,50.1026941
501,456,78.06940905,3,0.640059701,49.96908265
333,322,77.50748927,3,0.640059701,49.60942045
538,423,77.03451514,3,0.640059701,49.30668877
295,11,76.85771609,3,0.640059701,49.19352682
912,92,76.66502711,3,0.640059701,49.07019437
657,394,76.64879202,3,0.640059701,49.05980294
675,1208,76.25837122,3,0.640059701,48.80991032
754,2046,76.10251808,3,0.640059701,48.71015501
503,13,75.94982079,3,0.640059701,48.61241962
798,768,75.51556603,3,0.640059701,48.33447065
476,752,75.1910047,3,0.640059701,48.12673202
619,684,75.18001869,3,0.640059701,48.11970032
901,1275,74.9710441,3,0.640059701,47.98594411
559,1149,74.96538701,3,0.640059701,47.98232323
543,293,74.85030146,3,0.640059701,47.90866161
485,864,74.57793023,3,0.640059701,47.73432776
460,1110,74.29468242,3,0.640059701,47.55303225
806,811,74.06079677,3,0.640059701,47.40333147
406,304,74.00887603,3,0.640059701,47.3700991
897,301,73.93947826,3,0.640059701,47.32568038
804,367,73.93679002,3,0.640059701,47.32395975
734,4551,73.71796632,3,0.640059701,47.18389952
515,815,73.60286225,3,0.640059701,47.11022604
429,3565,73.54285714,3,0.640059701,47.07181919
623,3719,72.96085751,3,0.640059701,46.69930468
1,1203,72.86440059,3,0.640059701,46.63756649
913,795,72.51075015,3,0.640059701,46.4112091
898,3656,72.36155606,3,0.640059701,46.31571597
655,2023,72.2720076,3,0.640059701,46.25839961
506,1272,72.21616636,3,0.640059701,46.22265788
522,809,72.14550519,3,0.640059701,46.17743052
513,460,71.61696649,3,0.640059701,45.83913419
301,270,71.57080275,3,0.640059701,45.80958664
855,1145,71.32960894,3,0.640059701,45.65520821
504,104,71.24020859,3,0.640059701,45.59798664
283,4017,70.94967177,3,0.640059701,45.41202573
796,1249,70.7641629,3,0.640059701,45.29328898
680,842,70.54766934,3,0.640059701,45.15472018
842,759,70.47474325,3,0.640059701,45.10804313
395,766,70.44186047,3,0.640059701,45.08699619
849,424,70.16303316,3,0.640059701,44.90853006
560,712,69.74214946,3,0.640059701,44.63913936
397,253,69.67773311,3,0.640059701,44.59790906
519,452,69.48462929,3,0.640059701,44.47431108
629,2009,69.38785022,3,0.640059701,44.4123667
758,57,69.29498175,3,0.640059701,44.35292533
785,619,69.10201083,3,0.640059701,44.22941242
677,362,68.88779957,3,0.640059701,44.09230443
436,1198,68.50496353,3,0.640059701,43.84726651
735,336,68.38455909,3,0.640059701,43.77020048
296,775,68.04619165,3,0.640059701,43.55362512
750,4028,68.01735358,3,0.640059701,43.53516703
171,892,67.86915239,3,0.640059701,43.44030942
788,4014,67.69989192,3,0.640059701,43.33197261
711,3723,67.63238334,3,0.640059701,43.28876309
581,3607,67.537783,3,0.640059701,43.22821323
649,617,67.50129374,3,0.640059701,43.20485792
819,393,67.27540501,3,0.640059701,43.06027565
234,1083,67.11391476,3,0.640059701,42.95691225
585,194,67.0056231,3,0.640059701,42.88759912
755,845,66.85283019,3,0.640059701,42.78980254
733,786,66.58031368,3,0.640059701,42.6153757
696,192,66.54364559,3,0.640059701,42.59190593
45,55,65.88386467,3,0.640059701,42.16960675
738,417,65.64336824,3,0.640059701,42.01567468
108,1235,65.59072709,3,0.640059701,41.9819812
725,3759,65.30947054,3,0.640059701,41.80196022
433,356,65.24390244,3,0.640059701,41.75999272
576,2059,65.23374313,3,0.640059701,41.75349016
279,84,65.23342704,3,0.640059701,41.75328784
632,159,65.11087616,3,0.640059701,41.67484796
218,693,65.03654018,3,0.640059701,41.62726849
541,89,64.94002762,3,0.640059701,41.56549469
778,808,64.4932192,3,0.640059701,41.27951063
813,3745,64.20607267,3,0.640059701,41.09571971
787,444,64.04216074,3,0.640059701,40.99080629
614,670,63.52555043,3,0.640059701,40.66014485
230,2012,63.3453041,3,0.640059701,40.54477643
319,862,63.19444444,3,0.640059701,40.44821724
802,3569,63.17290486,3,0.640059701,40.43443063
260,354,63.12135291,3,0.640059701,40.4014343
731,2030,63.01514462,3,0.640059701,40.33345465
635,741,63.01258982,3,0.640059701,40.33181943
634,36,62.90971039,3,0.640059701,40.26597045
757,769,62.90476695,2,0.640059701,40.26280636
925,1132,62.84735789,2,0.640059701,40.22606113
149,1262,62.60709914,2,0.640059701,40.07228119
892,457,62.39318687,2,0.640059701,39.93536456
838,1155,62.11129296,2,0.640059701,39.75493563
484,1115,62.03445403,2,0.640059701,39.70575413
772,595,62.01848863,2,0.640059701,39.69553532
578,2014,61.81865285,2,0.640059701,39.56762849
651,2052,61.78744939,2,0.640059701,39.54765641
767,86,61.7630448,2,0.640059701,39.53203602
922,664,61.69326351,2,0.640059701,39.48737183
740,4008,61.49663255,2,0.640059701,39.36151627
921,865,61.46993475,2,0.640059701,39.34442809
840,597,61.44007948,2,0.640059701,39.32531893
636,777,61.34156821,2,0.640059701,39.26226584
663,783,61.32813095,2,0.640059701,39.25366519
341,193,61.22462331,2,0.640059701,39.18741412
530,1175,61.17905177,2,0.640059701,39.15824561
577,372,60.87095061,2,0.640059701,38.96104248
846,262,60.84204952,2,0.640059701,38.94254405
794,358,60.71182829,2,0.640059701,38.85919469
792,555,60.68791855,2,0.640059701,38.84389103
741,3561,60.61979167,2,0.640059701,38.80028576
811,76,60.56709655,2,0.640059701,38.76655774
532,144,60.20445415,2,0.640059701,38.53444495
575,303,60.19474713,2,0.640059701,38.52823188
414,74,59.81235711,2,0.640059701,38.28347944
537,220,59.79824561,2,0.640059701,38.27444723
895,297,59.79417698,2,0.640059701,38.27184307
64,1146,59.75490196,2,0.640059701,38.24670471
834,1072,59.65613183,2,0.640059701,38.18348593
807,794,59.44654882,2,0.640059701,38.04934029
549,1176,59.27856971,2,0.640059701,37.94182363
579,823,59.06975852,2,0.640059701,37.80817201
556,94,59.05085384,2,0.640059701,37.79607188
815,1046,58.9328143,2,0.640059701,37.72051953
419,2008,58.90150412,2,0.640059701,37.70047914
403,237,58.87990282,2,0.640059701,37.68665302
933,730,58.85185983,2,0.640059701,37.66870384
885,4012,58.70742293,2,0.640059701,37.5762556
826,599,58.48242745,2,0.640059701,37.43224506
812,810,58.28054299,2,0.640059701,37.30302695
836,223,57.68014706,2,0.640059701,36.91873771
896,139,57.60662805,2,0.640059701,36.87168115
396,465,57.32325733,2,0.640059701,36.69030698
481,1287,57.18287087,2,0.640059701,36.60045126
765,422,56.74303977,2,0.640059701,36.3189331
563,453,56.66642509,2,0.640059701,36.26989513
437,406,81.61100716,2,0.444,36.23528718
622,2050,56.57882225,2,0.640059701,36.21382408
678,398,55.85669782,2,0.640059701,35.75162133
454,324,55.76632994,2,0.640059701,35.69378049
315,442,55.47842614,2,0.640059701,35.50950487
864,407,55.47072812,2,0.640059701,35.50457768
685,2016,55.35209196,2,0.640059701,35.42864346
402,1143,55.31068931,2,0.640059701,35.40214329
809,1202,55.28451814,2,0.640059701,35.38539218
861,4204,55.20413437,2,0.640059701,35.33394177
862,667,54.82247765,2,0.640059701,35.08965868
753,870,54.64834851,2,0.640059701,34.97820563
364,705,54.4076555,2,0.640059701,34.82414774
417,37,54.30330753,2,0.640059701,34.75735881
905,1227,54.24888928,2,0.640059701,34.72252788
762,257,54.20606061,2,0.640059701,34.69511497
863,3824,54.1722488,2,0.640059701,34.6734734
616,432,54.15080819,2,0.640059701,34.65975013
699,2051,54.09800363,2,0.640059701,34.62595205
534,2047,53.86150073,2,0.640059701,34.47457608
865,816,53.8366892,2,0.640059701,34.45869522
902,873,53.31602342,2,0.640059701,34.12543803
238,295,52.88070813,2,0.640059701,33.84681026
770,285,52.69126214,2,0.640059701,33.72555352
478,27,52.48148148,2,0.640059701,33.59128137
774,2064,52.35912821,2,0.640059701,33.51296797
233,852,51.94356491,2,0.640059701,33.24698265
480,716,51.93788663,2,0.640059701,33.24334821
870,2035,51.78845843,2,0.640059701,33.14770524
871,63,51.76911299,2,0.640059701,33.13532301
448,3782,51.5,2,0.640059701,32.96307463
900,127,51.28842863,2,0.640059701,32.82765632
143,1108,51.26844674,2,0.640059701,32.81486672
177,443,51.22770405,2,0.640059701,32.78878896
877,751,51.20501139,2,0.640059701,32.77426431
469,1128,51.18047799,2,0.640059701,32.75856146
652,330,51.11060647,2,0.640059701,32.71383952
795,2057,50.79913607,2,0.640059701,32.51447987
440,1364,50.58908282,2,0.640059701,32.38003325
686,572,50.53867377,2,0.640059701,32.34776845
891,416,50.53646366,2,0.640059701,32.34635384
697,1214,50.28870293,2,0.640059701,32.18777219
445,1196,50.23651942,2,0.640059701,32.15437162
365,1361,50.17580074,2,0.640059701,32.11550804
853,1230,49.96085804,2,0.640059701,31.97793188
399,281,49.6749968,2,0.640059701,31.79496362
915,1283,49.58608696,2,0.640059701,31.73805602
684,792,49.30029316,2,0.640059701,31.55513092
856,49,49.17827869,2,0.640059701,31.47703438
668,106,49.12027967,2,0.640059701,31.43991154
793,836,49.05142962,2,0.640059701,31.3958434
370,32,49.0182398,2,0.640059701,31.37459993
624,369,49.00167815,2,0.640059701,31.36399949
714,1256,48.99522212,2,0.640059701,31.35986724
500,1151,48.96170651,2,0.640059701,31.33841525
718,408,48.95240695,2,0.640059701,31.33246298
598,273,48.82784763,2,0.640059701,31.25273758
858,345,48.80207414,2,0.640059701,31.23624101
739,2026,48.63072776,2,0.640059701,31.12656909
742,264,48.46094301,2,0.640059701,31.01789672
34,1232,48.34660515,2,0.640059701,30.94471366
431,346,48.23113337,1,0.640059701,30.87080483
874,319,48.19438081,1,0.640059701,30.84728099
376,750,48.17658218,1,0.640059701,30.83588881
329,1223,47.74958101,1,0.640059701,30.56258257
450,3639,47.74926686,1,0.640059701,30.56238149
312,3645,47.41134243,1,0.640059701,30.34608968
310,1067,46.90849554,1,0.640059701,30.02423765
888,1205,46.79215686,1,0.640059701,29.94977395
266,1125,46.79099974,1,0.640059701,29.94903333
261,1079,46.77638506,1,0.640059701,29.93967906
237,15,46.63636364,1,0.640059701,29.85005699
317,846,46.40686893,1,0.640059701,29.70316667
645,596,46.24433162,1,0.640059701,29.59913309
461,859,45.9384154,1,0.640059701,29.40332845
749,3646,45.76013514,1,0.640059701,29.28921844
691,713,45.75710075,1,0.640059701,29.28727625
701,1136,45.65954014,1,0.640059701,29.22483163
704,4002,45.54720475,1,0.640059701,29.15293028
713,143,45.4958957,1,0.640059701,29.12008942
726,287,45.3214964,1,0.640059701,29.00846346
730,1377,45.3201581,1,0.640059701,29.00760687
747,62,45.02164502,1,0.640059701,28.81654067
761,695,44.81589488,1,0.640059701,28.6848483
505,885,44.78482455,1,0.640059701,28.66496143
776,224,44.68663973,1,0.640059701,28.60211729
777,342,44.67066696,1,0.640059701,28.59189376
781,4025,44.54589257,1,0.640059701,28.5120307
782,916,44.38114229,1,0.640059701,28.40658069
784,820,44.34410778,1,0.640059701,28.38287639
789,776,44.32066319,1,0.640059701,28.36787045
791,1077,43.80641218,1,0.640059701,28.0387191
688,1044,43.65825243,1,0.640059701,27.94388802
683,2054,43.37431276,1,0.640059701,27.76214968
676,69,43.26614987,1,0.640059701,27.69291897
674,10,43.22655708,1,0.640059701,27.66757722
524,2062,42.8944337,1,0.640059701,27.45499843
568,1052,42.88696878,1,0.640059701,27.45022044
590,714,42.82106523,1,0.640059701,27.40803823
597,4003,42.71175153,1,0.640059701,27.33807093
602,1241,42.29000789,1,0.640059701,27.06812983
605,95,42.11029652,1,0.640059701,26.95310382
606,450,41.93294398,1,0.640059701,26.83958761
609,1285,41.8570525,1,0.640059701,26.79101253
627,439,41.48780488,1,0.640059701,26.55467201
638,39,41.47670555,1,0.640059701,26.54756777
887,573,41.29707113,1,0.640059701,26.43259102
656,183,41.0625,1,0.640059701,26.28245149
662,829,40.97376736,1,0.640059701,26.22565731
664,254,40.92490913,1,0.640059701,26.19438512
673,196,40.78807588,1,0.640059701,26.10680367
196,413,40.47664544,1,0.640059701,25.9074696
832,844,40.3899901,1,0.640059701,25.85200501
114,2044,40.3683513,1,0.640059701,25.83815488
920,1280,40.25276297,1,0.640059701,25.76417145
916,848,40.23020645,1,0.640059701,25.74973393
917,3601,40.11100614,1,0.640059701,25.67343862
848,854,40.00997506,1,0.640059701,25.60877269
847,3785,39.6,1,0.640059701,25.34636418
918,602,39.35271772,1,0.640059701,25.18808876
919,146,39.17021889,1,0.640059701,25.07127861
845,1210,39.13317631,1,0.640059701,25.04756915
843,1278,39.009591,1,0.640059701,24.96846717
929,235,38.75038263,1,0.640059701,24.80255834
841,4004,38.6880792,1,0.640059701,24.76268042
923,821,38.61939197,1,0.640059701,24.7187165
924,202,38.59827492,1,0.640059701,24.70520032
839,402,38.32910714,1,0.640059701,24.53291687
926,826,38.24035642,1,0.640059701,24.47611112
881,207,38.18062983,1,0.640059701,24.43788253
927,1172,38.11609693,1,0.640059701,24.39657762
851,4503,38.00913472,1,0.640059701,24.32811542
854,2053,37.77865613,1,0.640059701,24.18059537
880,623,37.76736358,1,0.640059701,24.17336746
914,675,37.74027686,1,0.640059701,24.15603034
872,1150,37.66622575,1,0.640059701,24.10863321
869,889,37.54536967,1,0.640059701,24.0312781
868,1237,37.49788923,1,0.640059701,24.00088779
866,23,37.45586638,1,0.640059701,23.97399065
899,164,37.40847188,1,0.640059701,23.94365534
903,311,37.39048991,1,0.640059701,23.93214581
875,1047,37.24183007,1,0.640059701,23.83699464
876,4013,37.10787172,1,0.640059701,23.7512533
906,141,37.01191681,1,0.640059701,23.68983643
908,3556,36.81542475,1,0.640059701,23.56406978
860,348,36.63199266,1,0.640059701,23.44666229
859,648,36.59365831,1,0.640059701,23.42212601
910,1058,35.92865922,1,0.640059701,22.9964869
878,589,35.83383184,1,0.640059701,22.93579171
879,113,35.82380515,1,0.640059701,22.92937403
928,1148,35.71148182,1,0.640059701,22.85748039
930,1258,35.66899959,1,0.640059701,22.83028923
6,703,35.64867459,1,0.640059701,22.81728002
949,200,35.50592851,1,0.640059701,22.725914
882,272,35.39336843,1,0.640059701,22.65386883
945,352,34.88339097,1,0.640059701,22.32745281
946,278,34.71632136,1,0.640059701,22.22051829
947,343,34.62820613,1,0.640059701,22.16411928
883,1103,34.57218876,1,0.640059701,22.12826482
824,590,34.54277528,1,0.640059701,22.10943843
948,4024,34.53924093,1,0.640059701,22.10717624
950,385,34.10820293,1,0.640059701,21.83128619
931,44,33.78430979,1,0.640059701,21.62397524
890,843,33.61379212,1,0.640059701,21.51483375
884,1209,33.54111415,1,0.640059701,21.46831551
823,1252,33.50434076,1,0.640059701,21.44477835
951,421,33.34888587,1,0.640059701,21.34527794
817,3568,33.3393595,1,0.640059701,21.33918049
822,464,33.12840467,1,0.640059701,21.2041568
889,1102,32.96524371,1,0.640059701,21.09972405
830,3751,32.96346601,1,0.640059701,21.09858621
944,2042,32.78614865,1,0.640059701,20.98509252
893,265,32.46432475,1,0.640059701,20.77910601
943,35,32.42009811,1,0.640059701,20.75079832
837,1147,32.29828081,1,0.640059701,20.67282797
932,310,32.02837508,1,0.640059701,20.50007219
934,1233,31.82246034,1,0.640059701,20.36827447
935,1133,31.56646963,1,0.640059701,20.20442513
936,318,31.53618859,1,0.640059701,20.18504346
835,1068,31.46341463,1,0.640059701,20.13846378
937,4022,31.33405833,1,0.640059701,20.05566802
938,1206,31.32731959,1,0.640059701,20.05135483
939,774,30.90377302,1,0.640059701,19.78025973
940,1180,30.69342111,1,0.640059701,19.64562195
941,614,30.63658328,1,0.640059701,19.60924235
894,1129,30.58100169,1,0.640059701,19.57366681
873,578,30.54915327,1,0.640059701,19.55328192
942,1253,30.39180909,1,0.640059701,19.45257225
831,403,30.31245557,1,0.640059701,19.40178126
803,719,30.28449967,1,0.640059701,19.38388782
,3566,30.18530293,,0.640059701,19.32039598
,98,30.1468213,,0.640059701,19.29576544
,312,29.98190383,,0.640059701,19.19020842
,1254,29.65775798,,0.640059701,18.98273572
,1051,29.50705577,,0.640059701,18.88627731
,1104,29.29747542,,0.640059701,18.75213337
,2063,29.29047391,,0.640059701,18.74765199
,317,29.20806131,,0.640059701,18.694903
,145,28.64113741,,0.640059701,18.33203786
,359,28.37899585,,0.640059701,18.16425161
,1211,28.26259131,,0.640059701,18.08974576
,370,28.08686936,,0.640059701,17.97727322
,263,27.78262911,,0.640059701,17.78254129
,755,27.76148416,,0.640059701,17.76900726
,4301,27.55091787,,0.640059701,17.63423227
,3615,27.54576659,,0.640059701,17.63093514
,1130,27.19341564,,0.640059701,17.4054095
,3605,27.10597826,,0.640059701,17.34944435
,1231,26.76789284,,0.640059701,17.1330495
,78,26.70835669,,0.640059701,17.09494281
,1081,26.68695652,,0.640059701,17.08124542
,1045,26.6453376,,0.640059701,17.05460683
,833,26.42311903,,0.640059701,16.91237368
,1156,26.35705937,,0.640059701,16.87009155
,1291,26.24119218,,0.640059701,16.79592963
,3558,26.22898046,,0.640059701,16.7881134
,4009,26.12721417,,0.640059701,16.7229769
,738,25.95535714,,0.640059701,16.61297814
,3717,25.67934783,,0.640059701,16.43631571
,678,25.53675987,,0.640059701,16.3450509
,1126,25.47875064,,0.640059701,16.30792153
,355,25.24963677,,0.640059701,16.16127497
,3786,25.06329114,,0.640059701,16.04200265
,3612,24.75,,0.640059701,15.84147761
,1213,24.53332536,,0.640059701,15.70279291
,872,24.36458789,,0.640059701,15.59479085
,1141,24.28235294,,0.640059701,15.54215557
,298,23.73253561,,0.640059701,15.19023966
,1124,23.08012601,,0.640059701,14.77265856
,676,22.52223992,,0.640059701,14.41557816
,128,22.50026674,,0.640059701,14.40151401
,1094,21.19101124,,0.677,14.34631461
,218,21.92884759,,0.640059701,14.03577164
,4019,21.66555184,,0.640059701,13.86724664
,378,21.51840336,,0.640059701,13.77306283
,3609,21.46985962,,0.640059701,13.74199194
,1251,21.22886893,,0.640059701,13.58774351
,1043,20.88708016,,0.640059701,13.36897829
,305,20.57615828,,0.640059701,13.16996973
,1229,20.0709766,,0.640059701,12.84662329
,527,19.89140345,,0.640059701,12.73168575
,3614,19.85108975,,0.640059701,12.70588258
,1248,19.78,,0.640059701,12.6603809
,1158,19.53301571,,0.640059701,12.5022962
,1220,19.50970213,,0.640059701,12.48737412
,1085,19.46705576,,0.640059701,12.4600779
,603,19.38909091,,0.640059701,12.41017574
,1134,18.8863447,,0.640059701,12.08838815
,1239,18.58761726,,0.640059701,11.89718475
,1311,18.39174745,,0.640059701,11.77181638
,252,17.82971014,,0.640059701,11.41207895
,3610,17.6233468,,0.640059701,11.27999409
,1338,17.59813899,,0.640059701,11.26385959
,627,16.9914837,,0.640059701,10.87556398
,1255,16.88644068,,0.640059701,10.80833018
,1084,16.85483871,,0.640059701,10.78810303
,1197,16.72469846,,0.640059701,10.7048055
,1184,16.55211804,,0.640059701,10.59434373
,1324,16.43478261,,0.640059701,10.51924205
,840,16.02752087,,0.640059701,10.25857022
,1185,15.73131094,,0.640059701,10.06897818
,3555,15.43479092,,0.640059701,9.879187669
,1166,15.34972426,,0.640059701,9.824739928
,3619,15.24705882,,0.640059701,9.759027917
,1261,14.162764,,0.640059701,9.065014498
,1266,13.96802326,,0.640059701,8.940368798
,4303,13.20429492,,0.640059701,8.451537065
,8800,13.14842316,,0.640059701,8.415775803
,22,12.98261001,,0.640059701,8.309645488
,1238,12.66771985,,0.640059701,8.108096986
,427,11.09882226,,0.640059701,7.103908863
,3713,11.09047875,,0.640059701,7.098568518
,3598,10.82767978,,0.640059701,6.930361488
,534,10.4702458,,0.640059701,6.701582401
,1259,10.4186001,,0.640059701,6.66852607
,156,10.34993347,,0.640059701,6.624575327
,296,10.23074211,,0.640059701,6.548285741
,338,10.07707323,,0.640059701,6.449928484
,1279,9.464486459,,0.640059701,6.057836378
,4010,9.433173777,,0.640059701,6.037794392
,1219,9.280895179,,0.640059701,5.940326998
,1173,9.237980769,,0.640059701,5.912859213
,328,8.674285714,,0.640059701,5.552060725
,472,8.643354465,,0.640059701,5.532262879
,518,8.520872125,,0.640059701,5.453866869
,107,8.478739953,,0.640059701,5.426899763
,347,8.459568439,,0.640059701,5.41462885
,88,8.4,,0.640059701,5.376501493
,58,8.246440366,,0.640059701,5.278214159
,3606,7.184990125,,0.640059701,4.598822635
,102,7.107274526,,0.640059701,4.549080012
,502,6.970745956,,0.640059701,4.461693576
,3620,6.452805281,,0.640059701,4.130180622
,353,6.405368309,,0.640059701,4.099818128
,1322,6.371024446,,0.640059701,4.077836005
,1076,5.972646822,,0.640059701,3.822850542
,702,5.451072198,,0.640059701,3.489011644
,212,5.354723839,,0.640059701,3.427342942
,1225,5.325197051,,0.640059701,3.408444035
,186,5.177925938,,0.640059701,3.31418173
,530,4.328289175,,0.640059701,2.770363477
,868,4.258252427,,0.640059701,2.725535777
,1212,4.134704711,,0.640059701,2.646457863
,1157,3.722280303,,0.640059701,2.38248162
,2039,3.688598694,,0.640059701,2.360923379
,1318,3.681913677,,0.640059701,2.356644569
,371,3.644085461,,0.640059701,2.332432252
,638,3.537229556,,0.640059701,2.264038094
,1276,3.504396483,,0.640059701,2.243022967
,494,3.396429724,,0.640059701,2.173917795
,1162,3.388519869,,0.640059701,2.168855016
,890,3.220385279,,0.640059701,2.06123884
,2730,3.170484181,,0.640059701,2.029299158
,2710,3.103794316,,0.640059701,1.986613663
,1054,2.92630957,,0.640059701,1.87301283
,1195,2.917873743,,0.640059701,1.867613397
,2006,2.615385387,,0.640059701,1.67400279
,1056,2.571612075,,0.640059701,1.645985257
,2720,2.280791424,,0.640059701,1.459842678
,1303,2.169288944,,0.640059701,1.388474434
,1057,2.166666667,,0.640059701,1.38679602
,944,2.152382461,,0.640059701,1.377653275
,8900,2.021394803,,0.640059701,1.293813354
,978,1.990296014,,0.640059701,1.273908273
,1358,1.874731952,,0.640059701,1.199940374
,6000,1.830502703,,0.640059701,1.171631014
,522,1.807498999,,0.640059701,1.15690727
,975,1.68172048,,0.640059701,1.076401508
,1292,1.642355854,,0.640059701,1.051205798
,634,1.612033453,,0.640059701,1.031797651
,481,1.549276336,,0.640059701,0.991629349
,1325,1.4875,,0.640059701,0.952088806
,473,1.38866055,,0.640059701,0.888825657
,509,1.294984637,,0.640059701,0.82886748
,542,1.252490871,,0.640059701,0.801668933
,637,1.230076991,,0.640059701,0.787322712
,514,1.192620304,,0.640059701,0.763348196
,649,1.086484955,,0.640059701,0.695415236
,516,1.041430847,,0.640059701,0.666577917
,1348,1.013355057,,0.640059701,0.648607735
,1346,1.009356282,,0.640059701,0.646048281
,7500,0.99569723,,0.640059701,0.637305672
,537,0.9936964,,0.640059701,0.636025021
,1359,0.98282124,,0.640059701,0.629064269
,507,0.881513701,,0.640059701,0.564221396
,508,0.864010888,,0.640059701,0.553018551
,543,0.768392413,,0.640059701,0.491817018
,1163,0.736967039,,0.640059701,0.471702903
,517,0.707937578,,0.640059701,0.453122315
,504,0.670721333,,0.640059701,0.429301696
,510,0.66110904,,0.640059701,0.423149255
,490,0.641055977,,0.640059701,0.410314097
,962,0.627972139,,0.640059701,0.40193966
,487,0.618048507,,0.640059701,0.395587943
,497,0.611276818,,0.640059701,0.391253658
,482,0.519352871,,0.640059701,0.332416844
,483,0.519034056,,0.640059701,0.332212783
,532,0.507746673,,0.640059701,0.324988184
,489,0.492771117,,0.640059701,0.315402934
,529,0.469491373,,0.640059701,0.300502508
,1327,0.389458122,,0.640059701,0.249276449
,498,0.387244582,,0.640059701,0.247859652
,478,0.385678817,,0.640059701,0.246857468
,654,0.360538417,,0.640059701,0.230766112
,628,0.352584354,,0.640059701,0.225675036
,635,0.288171419,,0.640059701,0.184446912
,652,0.265805542,,0.640059701,0.170131416
,993,0.246093434,,0.640059701,0.15751449
,499,0.245430694,,0.640059701,0.157090297
,1295,0.243291166,,0.640059701,0.155720871
,1060,0.17512103,,0.640059701,0.112087914
,1339,0.139209184,,0.640059701,0.089102189
,1375,0.139055375,,0.640059701,0.089003742
,1059,0.133599047,,0.640059701,0.085511366
,505,0.1330796,,0.640059701,0.085178889
,523,0.124342535,,0.640059701,0.079586646
,538,0.124080283,,0.640059701,0.079418789
,1154,0.118412378,,0.640059701,0.075790991
,412,0,,0.640059701,0
,475,0,,0.640059701,0
,480,0,,0.640059701,0
,485,0,,0.640059701,0
,492,0,,0.640059701,0
,493,0,,0.640059701,0
,496,0,,0.640059701,0
,511,0,,0.640059701,0
,512,0,,0.640059701,0
,520,0,,0.640059701,0
,521,0,,0.640059701,0
,524,0,,0.640059701,0
,525,0,,0.640059701,0
,526,0,,0.640059701,0
,528,0,,0.640059701,0
,531,0,,0.640059701,0
,535,0,,0.640059701,0
,536,0,,0.640059701,0
,539,0,,0.640059701,0
,540,0,,0.640059701,0
,541,0,,0.640059701,0
,546,0,,0.640059701,0
,547,0,,0.640059701,0
,566,0,,0.640059701,0
,633,0,,0.640059701,0
,636,0,,0.640059701,0
,658,0,,0.640059701,0
,882,0,,0.640059701,0
,886,0,,0.640059701,0
,897,0,,0.640059701,0
,913,0,,0.640059701,0
,921,0,,0.640059701,0
,926,0,,0.640059701,0
,942,0,,0.640059701,0
,990,0,,0.640059701,0
,994,0,,0.640059701,0
,997,0,,0.640059701,0
,998,0,,0.640059701,0
,1153,0,,0.640059701,0
,1192,0,,0.640059701,0
,1245,0,,0.640059701,0
,1246,0,,0.640059701,0
,1286,0,,0.640059701,0
,1290,0,,0.640059701,0
,1296,0,,0.640059701,0
,1316,0,,0.640059701,0
,1317,0,,0.640059701,0
,1320,0,,0.640059701,0
,1321,0,,0.640059701,0
,1326,0,,0.640059701,0
,1331,0,,0.640059701,0
,1332,0,,0.640059701,0
,1334,0,,0.640059701,0
,1335,0,,0.640059701,0
,1342,0,,0.640059701,0
,1343,0,,0.640059701,0
,1347,0,,0.640059701,0
,1349,0,,0.640059701,0
,1360,0,,0.640059701,0
,1367,0,,0.640059701,0
,2024,0,,0.640059701,0
,4001,0,,0.640059701,0
,4201,0,,0.640059701,0
,4203,0,,0.640059701,0
,4501,0,,0.640059701,0
,4502,0,,0.640059701,0
,1161,,,0.640059701,0
,7300,,,0.77,0
