semel,total,,,,male,,,,female,,,
7.00,879.00,,,,453.00,,,,426.00,,,
10.00,492.00,,,,269.00,,,,223.00,,,
11.00,548.00,,,,258.00,,,,289.00,,,
13.00,620.00,,,,312.00,,,,308.00,,,
15.00,355.00,,,,184.00,,,,171.00,,,
16.00,609.00,,,,302.00,,,,307.00,,,
18.00,760.00,,,,373.00,,,,386.00,,,
21.00,1033.00,,,,523.00,,,,510.00,,,
22.00,389.00,,,,225.00,,,,164.00,,,
23.00,263.00,,,,146.00,,,,118.00,,,
24.00,769.00,,,,398.00,,,,371.00,,,
26.00,3148.00,,,,1550.00,,,,1597.00,,,
27.00,378.00,,,,196.00,,,,182.00,,,
28.00,14837.00,,,,7323.00,,,,7514.00,,,
29.00,1730.00,,,,847.00,,,,883.00,,,
31.00,30662.00,,,,15171.00,,,,15491.00,,,
32.00,653.00,,,,387.00,,,,266.00,,,
33.00,656.00,,,,327.00,,,,329.00,,,
35.00,434.00,,,,208.00,,,,226.00,,,
36.00,594.00,,,,306.00,,,,288.00,,,
37.00,464.00,,,,244.00,,,,220.00,,,
39.00,410.00,,,,218.00,,,,192.00,,,
41.00,3415.00,,,,1701.00,,,,1715.00,,,
43.00,1615.00,,,,822.00,,,,793.00,,,
44.00,350.00,,,,191.00,,,,159.00,,,
46.00,4243.00,,,,2110.00,,,,2133.00,,,
47.00,4311.00,,,,2127.00,,,,2184.00,,,
48.00,1033.00,,,,533.00,,,,500.00,,,
49.00,490.00,,,,245.00,,,,245.00,,,
52.00,816.00,,,,394.00,,,,422.00,,,
53.00,8875.00,,,,4433.00,,,,4441.00,,,
55.00,583.00,,,,297.00,,,,286.00,,,
57.00,689.00,,,,349.00,,,,340.00,,,
58.00,141.00,,,,70.00,,,,70.00,,,
59.00,1484.00,,,,752.00,,,,732.00,,,
62.00,528.00,,,,278.00,,,,250.00,,,
63.00,686.00,,,,347.00,,,,340.00,,,
64.00,1124.00,,,,547.00,,,,578.00,,,
65.00,1952.00,,,,993.00,,,,959.00,,,
66.00,1247.00,,,,605.00,,,,643.00,,,
67.00,769.00,,,,383.00,,,,385.00,,,
69.00,387.00,,,,195.00,,,,193.00,,,
70.00,225939.00,,,,110419.00,,,,115520.00,,,
71.00,652.00,,,,324.00,,,,328.00,,,
72.00,933.00,,,,449.00,,,,484.00,,,
74.00,643.00,,,,324.00,,,,319.00,,,
76.00,673.00,,,,325.00,,,,348.00,,,
77.00,1134.00,,,,565.00,,,,568.00,,,
78.00,467.00,,,,233.00,,,,234.00,,,
79.00,674.00,,,,345.00,,,,330.00,,,
80.00,930.00,,,,453.00,,,,477.00,,,
82.00,760.00,,,,371.00,,,,389.00,,,
84.00,560.00,,,,286.00,,,,274.00,,,
85.00,1213.00,,,,617.00,,,,596.00,,,
86.00,618.00,,,,293.00,,,,325.00,,,
88.00,85.00,,,,43.00,,,,42.00,,,
89.00,546.00,,,,258.00,,,,289.00,,,
90.00,732.00,,,,340.00,,,,392.00,,,
92.00,702.00,,,,347.00,,,,355.00,,,
94.00,528.00,,,,275.00,,,,254.00,,,
95.00,1075.00,,,,546.00,,,,529.00,,,
96.00,1617.00,,,,797.00,,,,820.00,,,
97.00,662.00,,,,320.00,,,,342.00,,,
98.00,325.00,,,,164.00,,,,161.00,,,
99.00,5211.00,,,,2840.00,,,,2371.00,,,
102.00,297.00,,,,183.00,,,,114.00,,,
103.00,1504.00,,,,728.00,,,,775.00,,,
104.00,757.00,,,,365.00,,,,392.00,,,
106.00,346.00,,,,180.00,,,,166.00,,,
107.00,290.00,,,,163.00,,,,127.00,,,
112.00,842.00,,,,427.00,,,,415.00,,,
113.00,272.00,,,,145.00,,,,127.00,,,
115.00,774.00,,,,377.00,,,,397.00,,,
122.00,7785.00,,,,3855.00,,,,3930.00,,,
126.00,883.00,,,,444.00,,,,439.00,,,
127.00,545.00,,,,273.00,,,,273.00,,,
128.00,326.00,,,,171.00,,,,154.00,,,
130.00,1271.00,,,,617.00,,,,654.00,,,
132.00,602.00,,,,306.00,,,,295.00,,,
133.00,933.00,,,,444.00,,,,489.00,,,
134.00,1208.00,,,,614.00,,,,594.00,,,
135.00,521.00,,,,247.00,,,,274.00,,,
139.00,571.00,,,,286.00,,,,285.00,,,
140.00,1224.00,,,,603.00,,,,621.00,,,
141.00,411.00,,,,190.00,,,,221.00,,,
142.00,1103.00,,,,593.00,,,,509.00,,,
143.00,578.00,,,,284.00,,,,293.00,,,
144.00,578.00,,,,285.00,,,,293.00,,,
145.00,397.00,,,,198.00,,,,199.00,,,
146.00,217.00,,,,100.00,,,,117.00,,,
147.00,2678.00,,,,1338.00,,,,1340.00,,,
154.00,13144.00,,,,6650.00,,,,6495.00,,,
155.00,1289.00,,,,639.00,,,,650.00,,,
156.00,394.00,,,,217.00,,,,177.00,,,
157.00,1504.00,,,,762.00,,,,742.00,,,
158.00,1717.00,,,,849.00,,,,869.00,,,
159.00,542.00,,,,262.00,,,,280.00,,,
160.00,1163.00,,,,580.00,,,,582.00,,,
162.00,1298.00,,,,630.00,,,,668.00,,,
163.00,777.00,,,,373.00,,,,404.00,,,
164.00,383.00,,,,205.00,,,,177.00,,,
165.00,724.00,,,,364.00,,,,360.00,,,
166.00,23869.00,,,,11948.00,,,,11921.00,,,
167.00,836.00,,,,401.00,,,,434.00,,,
168.00,24778.00,,,,12404.00,,,,12374.00,,,
170.00,659.00,,,,325.00,,,,334.00,,,
171.00,5930.00,,,,3026.00,,,,2904.00,,,
173.00,1020.00,,,,509.00,,,,511.00,,,
174.00,637.00,,,,311.00,,,,326.00,,,
175.00,1422.00,,,,695.00,,,,727.00,,,
176.00,1511.00,,,,760.00,,,,750.00,,,
177.00,1258.00,,,,632.00,,,,626.00,,,
178.00,1012.00,,,,515.00,,,,497.00,,,
182.00,13826.00,,,,6797.00,,,,7029.00,,,
183.00,360.00,,,,177.00,,,,184.00,,,
184.00,1130.00,,,,539.00,,,,591.00,,,
186.00,422.00,,,,282.00,,,,140.00,,,
187.00,1593.00,,,,789.00,,,,804.00,,,
189.00,1034.00,,,,290.00,,,,743.00,,,
190.00,1973.00,,,,979.00,,,,994.00,,,
191.00,675.00,,,,347.00,,,,328.00,,,
192.00,699.00,,,,337.00,,,,362.00,,,
193.00,648.00,,,,326.00,,,,323.00,,,
194.00,617.00,,,,311.00,,,,306.00,,,
195.00,22683.00,,,,11302.00,,,,11381.00,,,
196.00,369.00,,,,172.00,,,,197.00,,,
197.00,986.00,,,,491.00,,,,495.00,,,
198.00,1287.00,,,,645.00,,,,643.00,,,
200.00,372.00,,,,201.00,,,,172.00,,,
202.00,263.00,,,,134.00,,,,129.00,,,
204.00,714.00,,,,358.00,,,,356.00,,,
205.00,865.00,,,,400.00,,,,465.00,,,
206.00,1730.00,,,,883.00,,,,847.00,,,
207.00,374.00,,,,185.00,,,,190.00,,,
208.00,1212.00,,,,581.00,,,,631.00,,,
212.00,347.00,,,,292.00,,,,55.00,,,
213.00,1024.00,,,,506.00,,,,518.00,,,
217.00,1460.00,,,,847.00,,,,613.00,,,
218.00,242.00,,,,114.00,,,,128.00,,,
219.00,727.00,,,,366.00,,,,361.00,,,
220.00,855.00,,,,454.00,,,,401.00,,,
223.00,546.00,,,,273.00,,,,273.00,,,
224.00,505.00,,,,268.00,,,,237.00,,,
225.00,861.00,,,,420.00,,,,441.00,,,
229.00,20398.00,,,,9898.00,,,,10500.00,,,
230.00,864.00,,,,414.00,,,,449.00,,,
232.00,1302.00,,,,626.00,,,,676.00,,,
233.00,730.00,,,,381.00,,,,349.00,,,
234.00,1258.00,,,,638.00,,,,620.00,,,
235.00,482.00,,,,277.00,,,,205.00,,,
237.00,738.00,,,,359.00,,,,379.00,,,
239.00,816.00,,,,402.00,,,,414.00,,,
240.00,23796.00,,,,11714.00,,,,12082.00,,,
241.00,1401.00,,,,685.00,,,,717.00,,,
242.00,1263.00,,,,614.00,,,,649.00,,,
246.00,37542.00,,,,18667.00,,,,18875.00,,,
247.00,1458.00,,,,739.00,,,,719.00,,,
248.00,766.00,,,,357.00,,,,409.00,,,
249.00,1502.00,,,,742.00,,,,760.00,,,
250.00,914.00,,,,435.00,,,,480.00,,,
252.00,152.00,,,,76.00,,,,76.00,,,
253.00,701.00,,,,344.00,,,,357.00,,,
254.00,386.00,,,,191.00,,,,196.00,,,
255.00,619.00,,,,334.00,,,,285.00,,,
256.00,729.00,,,,366.00,,,,363.00,,,
257.00,588.00,,,,280.00,,,,308.00,,,
259.00,806.00,,,,403.00,,,,403.00,,,
262.00,585.00,,,,260.00,,,,324.00,,,
263.00,360.00,,,,183.00,,,,177.00,,,
264.00,543.00,,,,260.00,,,,283.00,,,
265.00,481.00,,,,257.00,,,,224.00,,,
267.00,1938.00,,,,948.00,,,,990.00,,,
268.00,901.00,,,,511.00,,,,390.00,,,
269.00,1068.00,,,,541.00,,,,527.00,,,
270.00,861.00,,,,451.00,,,,410.00,,,
272.00,469.00,,,,244.00,,,,225.00,,,
273.00,676.00,,,,334.00,,,,343.00,,,
274.00,1366.00,,,,693.00,,,,673.00,,,
276.00,3291.00,,,,1712.00,,,,1579.00,,,
278.00,533.00,,,,274.00,,,,260.00,,,
280.00,756.00,,,,368.00,,,,388.00,,,
281.00,535.00,,,,246.00,,,,289.00,,,
282.00,1205.00,,,,596.00,,,,610.00,,,
284.00,1478.00,,,,752.00,,,,726.00,,,
285.00,515.00,,,,254.00,,,,261.00,,,
286.00,793.00,,,,385.00,,,,408.00,,,
287.00,1021.00,,,,472.00,,,,549.00,,,
288.00,1046.00,,,,509.00,,,,537.00,,,
289.00,1249.00,,,,605.00,,,,644.00,,,
290.00,749.00,,,,348.00,,,,401.00,,,
292.00,571.00,,,,296.00,,,,276.00,,,
293.00,583.00,,,,286.00,,,,296.00,,,
294.00,1031.00,,,,512.00,,,,519.00,,,
295.00,531.00,,,,262.00,,,,269.00,,,
296.00,311.00,,,,172.00,,,,139.00,,,
297.00,868.00,,,,450.00,,,,418.00,,,
298.00,433.00,,,,215.00,,,,217.00,,,
300.00,815.00,,,,388.00,,,,428.00,,,
301.00,625.00,,,,305.00,,,,320.00,,,
302.00,962.00,,,,470.00,,,,492.00,,,
303.00,745.00,,,,366.00,,,,378.00,,,
304.00,691.00,,,,362.00,,,,329.00,,,
305.00,428.00,,,,208.00,,,,219.00,,,
306.00,683.00,,,,353.00,,,,330.00,,,
307.00,1060.00,,,,604.00,,,,455.00,,,
308.00,818.00,,,,390.00,,,,428.00,,,
309.00,1181.00,,,,595.00,,,,586.00,,,
310.00,338.00,,,,171.00,,,,168.00,,,
311.00,694.00,,,,357.00,,,,337.00,,,
312.00,232.00,,,,117.00,,,,115.00,,,
313.00,713.00,,,,343.00,,,,370.00,,,
315.00,969.00,,,,469.00,,,,499.00,,,
316.00,1193.00,,,,576.00,,,,617.00,,,
317.00,507.00,,,,262.00,,,,245.00,,,
318.00,209.00,,,,105.00,,,,104.00,,,
319.00,584.00,,,,294.00,,,,290.00,,,
320.00,1143.00,,,,550.00,,,,593.00,,,
322.00,775.00,,,,385.00,,,,391.00,,,
324.00,668.00,,,,348.00,,,,320.00,,,
325.00,1165.00,,,,584.00,,,,581.00,,,
326.00,2131.00,,,,1023.00,,,,1109.00,,,
327.00,1096.00,,,,544.00,,,,552.00,,,
328.00,75.00,,,,42.00,,,,33.00,,,
329.00,1235.00,,,,585.00,,,,650.00,,,
330.00,405.00,,,,197.00,,,,208.00,,,
331.00,1286.00,,,,641.00,,,,645.00,,,
334.00,964.00,,,,490.00,,,,474.00,,,
335.00,1101.00,,,,552.00,,,,549.00,,,
336.00,843.00,,,,437.00,,,,406.00,,,
338.00,458.00,,,,241.00,,,,216.00,,,
339.00,710.00,,,,363.00,,,,348.00,,,
340.00,869.00,,,,434.00,,,,435.00,,,
342.00,466.00,,,,250.00,,,,216.00,,,
343.00,381.00,,,,189.00,,,,192.00,,,
344.00,812.00,,,,387.00,,,,425.00,,,
345.00,674.00,,,,327.00,,,,346.00,,,
346.00,533.00,,,,255.00,,,,279.00,,,
347.00,248.00,,,,133.00,,,,115.00,,,
348.00,611.00,,,,319.00,,,,291.00,,,
351.00,2461.00,,,,1117.00,,,,1343.00,,,
352.00,358.00,,,,180.00,,,,178.00,,,
353.00,83.00,,,,48.00,,,,35.00,,,
354.00,1075.00,,,,549.00,,,,526.00,,,
355.00,335.00,,,,162.00,,,,173.00,,,
356.00,820.00,,,,392.00,,,,428.00,,,
357.00,766.00,,,,372.00,,,,393.00,,,
358.00,737.00,,,,395.00,,,,342.00,,,
359.00,421.00,,,,218.00,,,,203.00,,,
360.00,730.00,,,,375.00,,,,355.00,,,
362.00,689.00,,,,346.00,,,,343.00,,,
363.00,558.00,,,,273.00,,,,285.00,,,
364.00,947.00,,,,489.00,,,,458.00,,,
365.00,712.00,,,,338.00,,,,374.00,,,
366.00,922.00,,,,447.00,,,,476.00,,,
367.00,803.00,,,,410.00,,,,393.00,,,
368.00,839.00,,,,423.00,,,,416.00,,,
369.00,492.00,,,,254.00,,,,239.00,,,
370.00,287.00,,,,139.00,,,,148.00,,,
371.00,247.00,,,,156.00,,,,91.00,,,
372.00,546.00,,,,283.00,,,,264.00,,,
373.00,828.00,,,,417.00,,,,411.00,,,
374.00,612.00,,,,306.00,,,,306.00,,,
375.00,1139.00,,,,576.00,,,,563.00,,,
376.00,847.00,,,,405.00,,,,442.00,,,
377.00,869.00,,,,423.00,,,,446.00,,,
378.00,339.00,,,,162.00,,,,177.00,,,
379.00,968.00,,,,463.00,,,,505.00,,,
380.00,915.00,,,,456.00,,,,459.00,,,
382.00,1403.00,,,,679.00,,,,724.00,,,
383.00,604.00,,,,264.00,,,,340.00,,,
385.00,439.00,,,,224.00,,,,214.00,,,
386.00,1171.00,,,,516.00,,,,655.00,,,
387.00,943.00,,,,457.00,,,,486.00,,,
388.00,619.00,,,,321.00,,,,298.00,,,
389.00,1213.00,,,,612.00,,,,601.00,,,
390.00,1096.00,,,,534.00,,,,562.00,,,
393.00,582.00,,,,283.00,,,,300.00,,,
394.00,820.00,,,,422.00,,,,398.00,,,
395.00,1005.00,,,,503.00,,,,502.00,,,
396.00,996.00,,,,488.00,,,,508.00,,,
397.00,852.00,,,,409.00,,,,443.00,,,
398.00,321.00,,,,159.00,,,,163.00,,,
399.00,1049.00,,,,510.00,,,,539.00,,,
400.00,1807.00,,,,933.00,,,,874.00,,,
402.00,630.00,,,,314.00,,,,316.00,,,
403.00,502.00,,,,245.00,,,,257.00,,,
405.00,997.00,,,,466.00,,,,531.00,,,
406.00,653.00,,,,328.00,,,,325.00,,,
407.00,493.00,,,,245.00,,,,249.00,,,
408.00,620.00,,,,313.00,,,,307.00,,,
409.00,729.00,,,,378.00,,,,350.00,,,
412.00,132.00,,,,105.00,,,,27.00,,,
413.00,471.00,,,,237.00,,,,234.00,,,
414.00,643.00,,,,335.00,,,,308.00,,,
415.00,565.00,,,,286.00,,,,279.00,,,
416.00,767.00,,,,393.00,,,,374.00,,,
417.00,770.00,,,,390.00,,,,380.00,,,
418.00,1370.00,,,,670.00,,,,700.00,,,
419.00,854.00,,,,393.00,,,,462.00,,,
421.00,481.00,,,,232.00,,,,249.00,,,
422.00,972.00,,,,645.00,,,,327.00,,,
423.00,922.00,,,,453.00,,,,469.00,,,
424.00,621.00,,,,303.00,,,,317.00,,,
425.00,1059.00,,,,527.00,,,,532.00,,,
426.00,922.00,,,,433.00,,,,489.00,,,
427.00,389.00,,,,231.00,,,,158.00,,,
428.00,954.00,,,,492.00,,,,462.00,,,
429.00,992.00,,,,500.00,,,,492.00,,,
430.00,843.00,,,,419.00,,,,425.00,,,
431.00,862.00,,,,442.00,,,,420.00,,,
432.00,580.00,,,,280.00,,,,301.00,,,
433.00,687.00,,,,314.00,,,,373.00,,,
434.00,858.00,,,,418.00,,,,440.00,,,
435.00,882.00,,,,440.00,,,,442.00,,,
436.00,1031.00,,,,513.00,,,,518.00,,,
437.00,1089.00,,,,561.00,,,,528.00,,,
439.00,451.00,,,,208.00,,,,243.00,,,
440.00,924.00,,,,576.00,,,,348.00,,,
442.00,471.00,,,,235.00,,,,236.00,,,
443.00,876.00,,,,431.00,,,,445.00,,,
444.00,480.00,,,,235.00,,,,245.00,,,
445.00,1159.00,,,,588.00,,,,571.00,,,
446.00,1379.00,,,,678.00,,,,701.00,,,
447.00,1950.00,,,,919.00,,,,1031.00,,,
448.00,964.00,,,,481.00,,,,483.00,,,
449.00,1788.00,,,,1068.00,,,,719.00,,,
450.00,414.00,,,,206.00,,,,208.00,,,
452.00,553.00,,,,263.00,,,,290.00,,,
453.00,569.00,,,,284.00,,,,285.00,,,
454.00,858.00,,,,418.00,,,,440.00,,,
456.00,1247.00,,,,565.00,,,,682.00,,,
457.00,743.00,,,,359.00,,,,384.00,,,
460.00,660.00,,,,351.00,,,,309.00,,,
462.00,1369.00,,,,702.00,,,,666.00,,,
463.00,692.00,,,,348.00,,,,343.00,,,
464.00,264.00,,,,135.00,,,,129.00,,,
465.00,625.00,,,,322.00,,,,303.00,,,
466.00,7285.00,,,,3678.00,,,,3607.00,,,
469.00,11001.00,,,,5404.00,,,,5597.00,,,
472.00,7698.00,,,,3878.00,,,,3820.00,,,
473.00,14099.00,,,,7184.00,,,,6915.00,,,
475.00,703.00,,,,366.00,,,,337.00,,,
478.00,14784.00,,,,7632.00,,,,7152.00,,,
480.00,12001.00,,,,6065.00,,,,5935.00,,,
481.00,22957.00,,,,11857.00,,,,11100.00,,,
482.00,9812.00,,,,5088.00,,,,4724.00,,,
483.00,8381.00,,,,4200.00,,,,4181.00,,,
485.00,6465.00,,,,3281.00,,,,3184.00,,,
487.00,3105.00,,,,1524.00,,,,1580.00,,,
489.00,10510.00,,,,5370.00,,,,5141.00,,,
490.00,12514.00,,,,6438.00,,,,6077.00,,,
492.00,10339.00,,,,5211.00,,,,5127.00,,,
493.00,97.00,,,,51.00,,,,45.00,,,
494.00,17653.00,,,,8979.00,,,,8674.00,,,
496.00,6410.00,,,,3218.00,,,,3192.00,,,
497.00,1865.00,,,,937.00,,,,927.00,,,
498.00,14240.00,,,,7319.00,,,,6921.00,,,
499.00,19151.00,,,,9664.00,,,,9487.00,,,
502.00,17171.00,,,,8841.00,,,,8329.00,,,
504.00,14095.00,,,,7113.00,,,,6983.00,,,
505.00,3589.00,,,,1794.00,,,,1795.00,,,
507.00,10133.00,,,,5096.00,,,,5037.00,,,
508.00,3373.00,,,,1670.00,,,,1702.00,,,
509.00,22751.00,,,,11607.00,,,,11144.00,,,
510.00,20188.00,,,,10546.00,,,,9642.00,,,
511.00,8356.00,,,,4283.00,,,,4073.00,,,
512.00,2750.00,,,,1424.00,,,,1326.00,,,
514.00,1250.00,,,,630.00,,,,620.00,,,
516.00,15455.00,,,,7937.00,,,,7519.00,,,
517.00,3929.00,,,,1993.00,,,,1936.00,,,
518.00,3244.00,,,,1613.00,,,,1631.00,,,
520.00,8373.00,,,,4323.00,,,,4051.00,,,
521.00,3505.00,,,,1811.00,,,,1694.00,,,
522.00,13113.00,,,,6653.00,,,,6459.00,,,
523.00,1876.00,,,,937.00,,,,940.00,,,
524.00,2324.00,,,,1185.00,,,,1138.00,,,
525.00,4270.00,,,,2213.00,,,,2057.00,,,
526.00,2609.00,,,,1308.00,,,,1301.00,,,
527.00,323.00,,,,179.00,,,,145.00,,,
528.00,3276.00,,,,1717.00,,,,1559.00,,,
529.00,13305.00,,,,6698.00,,,,6607.00,,,
530.00,5752.00,,,,2927.00,,,,2825.00,,,
531.00,25833.00,,,,13042.00,,,,12791.00,,,
532.00,13335.00,,,,6776.00,,,,6560.00,,,
534.00,12503.00,,,,6296.00,,,,6207.00,,,
535.00,3172.00,,,,1595.00,,,,1577.00,,,
536.00,5893.00,,,,3016.00,,,,2876.00,,,
537.00,13247.00,,,,6676.00,,,,6571.00,,,
538.00,7061.00,,,,3570.00,,,,3491.00,,,
539.00,1212.00,,,,654.00,,,,558.00,,,
540.00,1195.00,,,,614.00,,,,581.00,,,
541.00,14930.00,,,,7427.00,,,,7503.00,,,
542.00,19001.00,,,,9685.00,,,,9316.00,,,
543.00,7728.00,,,,3881.00,,,,3847.00,,,
546.00,886.00,,,,445.00,,,,442.00,,,
547.00,1601.00,,,,801.00,,,,801.00,,,
549.00,971.00,,,,507.00,,,,463.00,,,
553.00,726.00,,,,365.00,,,,361.00,,,
555.00,593.00,,,,289.00,,,,305.00,,,
559.00,1302.00,,,,659.00,,,,643.00,,,
562.00,1568.00,,,,823.00,,,,744.00,,,
563.00,949.00,,,,477.00,,,,472.00,,,
564.00,813.00,,,,405.00,,,,408.00,,,
565.00,12957.00,,,,6433.00,,,,6524.00,,,
566.00,64.00,,,,44.00,,,,20.00,,,
567.00,930.00,,,,455.00,,,,475.00,,,
570.00,963.00,,,,492.00,,,,471.00,,,
571.00,1019.00,,,,520.00,,,,499.00,,,
572.00,578.00,,,,277.00,,,,301.00,,,
573.00,484.00,,,,253.00,,,,231.00,,,
574.00,1614.00,,,,809.00,,,,805.00,,,
575.00,867.00,,,,436.00,,,,432.00,,,
576.00,1054.00,,,,519.00,,,,536.00,,,
577.00,4268.00,,,,2141.00,,,,2127.00,,,
578.00,416.00,,,,207.00,,,,209.00,,,
579.00,1363.00,,,,668.00,,,,694.00,,,
580.00,777.00,,,,400.00,,,,377.00,,,
582.00,1260.00,,,,652.00,,,,608.00,,,
584.00,852.00,,,,445.00,,,,408.00,,,
585.00,627.00,,,,313.00,,,,314.00,,,
586.00,847.00,,,,416.00,,,,432.00,,,
587.00,4036.00,,,,2018.00,,,,2018.00,,,
588.00,1417.00,,,,726.00,,,,691.00,,,
589.00,295.00,,,,134.00,,,,160.00,,,
590.00,349.00,,,,180.00,,,,170.00,,,
591.00,1012.00,,,,484.00,,,,528.00,,,
592.00,903.00,,,,437.00,,,,466.00,,,
593.00,1147.00,,,,606.00,,,,541.00,,,
594.00,971.00,,,,475.00,,,,496.00,,,
595.00,705.00,,,,354.00,,,,351.00,,,
596.00,462.00,,,,226.00,,,,236.00,,,
597.00,689.00,,,,340.00,,,,348.00,,,
598.00,1405.00,,,,698.00,,,,707.00,,,
599.00,595.00,,,,295.00,,,,300.00,,,
602.00,360.00,,,,178.00,,,,182.00,,,
603.00,275.00,,,,151.00,,,,124.00,,,
604.00,1174.00,,,,615.00,,,,559.00,,,
605.00,559.00,,,,277.00,,,,283.00,,,
606.00,1331.00,,,,672.00,,,,659.00,,,
607.00,985.00,,,,458.00,,,,527.00,,,
609.00,775.00,,,,400.00,,,,375.00,,,
610.00,1102.00,,,,558.00,,,,544.00,,,
612.00,1097.00,,,,550.00,,,,547.00,,,
613.00,972.00,,,,496.00,,,,477.00,,,
614.00,353.00,,,,178.00,,,,175.00,,,
615.00,1607.00,,,,801.00,,,,806.00,,,
616.00,1205.00,,,,632.00,,,,573.00,,,
617.00,553.00,,,,265.00,,,,289.00,,,
618.00,875.00,,,,444.00,,,,432.00,,,
619.00,435.00,,,,212.00,,,,223.00,,,
620.00,697.00,,,,325.00,,,,372.00,,,
622.00,863.00,,,,380.00,,,,483.00,,,
623.00,404.00,,,,211.00,,,,193.00,,,
627.00,10148.00,,,,5214.00,,,,4935.00,,,
628.00,12100.00,,,,6135.00,,,,5965.00,,,
633.00,3678.00,,,,1838.00,,,,1840.00,,,
634.00,23823.00,,,,12211.00,,,,11612.00,,,
635.00,4081.00,,,,2057.00,,,,2025.00,,,
636.00,1644.00,,,,839.00,,,,804.00,,,
637.00,25245.00,,,,12791.00,,,,12454.00,,,
638.00,23143.00,,,,11854.00,,,,11290.00,,,
648.00,383.00,,,,181.00,,,,203.00,,,
649.00,2017.00,,,,998.00,,,,1019.00,,,
652.00,2835.00,,,,1444.00,,,,1391.00,,,
654.00,19018.00,,,,9626.00,,,,9393.00,,,
658.00,2887.00,,,,1465.00,,,,1422.00,,,
661.00,1907.00,,,,982.00,,,,925.00,,,
662.00,1135.00,,,,555.00,,,,580.00,,,
663.00,1201.00,,,,597.00,,,,605.00,,,
664.00,526.00,,,,270.00,,,,256.00,,,
665.00,722.00,,,,362.00,,,,360.00,,,
666.00,7530.00,,,,3748.00,,,,3782.00,,,
667.00,594.00,,,,308.00,,,,286.00,,,
668.00,1024.00,,,,508.00,,,,515.00,,,
670.00,556.00,,,,282.00,,,,274.00,,,
672.00,744.00,,,,367.00,,,,376.00,,,
673.00,893.00,,,,439.00,,,,454.00,,,
674.00,692.00,,,,362.00,,,,330.00,,,
675.00,369.00,,,,189.00,,,,180.00,,,
676.00,361.00,,,,188.00,,,,173.00,,,
677.00,932.00,,,,474.00,,,,458.00,,,
678.00,380.00,,,,195.00,,,,186.00,,,
679.00,821.00,,,,414.00,,,,407.00,,,
680.00,849.00,,,,434.00,,,,415.00,,,
681.00,26578.00,,,,13187.00,,,,13391.00,,,
682.00,910.00,,,,485.00,,,,425.00,,,
683.00,1200.00,,,,582.00,,,,618.00,,,
684.00,711.00,,,,356.00,,,,355.00,,,
685.00,798.00,,,,397.00,,,,401.00,,,
686.00,1155.00,,,,601.00,,,,554.00,,,
687.00,1150.00,,,,575.00,,,,575.00,,,
688.00,712.00,,,,358.00,,,,354.00,,,
689.00,1329.00,,,,663.00,,,,666.00,,,
690.00,877.00,,,,436.00,,,,441.00,,,
692.00,920.00,,,,463.00,,,,458.00,,,
693.00,654.00,,,,314.00,,,,340.00,,,
694.00,2039.00,,,,1031.00,,,,1009.00,,,
695.00,532.00,,,,269.00,,,,263.00,,,
696.00,6598.00,,,,3322.00,,,,3276.00,,,
697.00,1143.00,,,,582.00,,,,561.00,,,
698.00,1136.00,,,,570.00,,,,565.00,,,
699.00,877.00,,,,422.00,,,,455.00,,,
700.00,1486.00,,,,740.00,,,,746.00,,,
701.00,735.00,,,,391.00,,,,345.00,,,
702.00,181.00,,,,83.00,,,,98.00,,,
703.00,464.00,,,,236.00,,,,228.00,,,
705.00,405.00,,,,199.00,,,,206.00,,,
706.00,969.00,,,,485.00,,,,484.00,,,
707.00,708.00,,,,356.00,,,,352.00,,,
708.00,772.00,,,,389.00,,,,383.00,,,
709.00,2178.00,,,,1102.00,,,,1076.00,,,
710.00,1708.00,,,,828.00,,,,880.00,,,
711.00,1227.00,,,,645.00,,,,582.00,,,
712.00,766.00,,,,390.00,,,,376.00,,,
713.00,409.00,,,,201.00,,,,208.00,,,
714.00,557.00,,,,289.00,,,,269.00,,,
715.00,1021.00,,,,503.00,,,,518.00,,,
716.00,534.00,,,,279.00,,,,255.00,,,
717.00,1162.00,,,,582.00,,,,580.00,,,
718.00,1082.00,,,,563.00,,,,519.00,,,
719.00,417.00,,,,208.00,,,,210.00,,,
720.00,1396.00,,,,760.00,,,,636.00,,,
721.00,590.00,,,,287.00,,,,303.00,,,
722.00,1089.00,,,,548.00,,,,540.00,,,
723.00,847.00,,,,447.00,,,,400.00,,,
726.00,548.00,,,,255.00,,,,293.00,,,
727.00,997.00,,,,485.00,,,,512.00,,,
729.00,1047.00,,,,534.00,,,,513.00,,,
730.00,651.00,,,,333.00,,,,318.00,,,
731.00,795.00,,,,387.00,,,,408.00,,,
732.00,810.00,,,,411.00,,,,399.00,,,
734.00,997.00,,,,529.00,,,,469.00,,,
735.00,749.00,,,,371.00,,,,378.00,,,
736.00,1451.00,,,,755.00,,,,697.00,,,
737.00,1131.00,,,,549.00,,,,582.00,,,
738.00,443.00,,,,215.00,,,,228.00,,,
739.00,1571.00,,,,804.00,,,,768.00,,,
740.00,1238.00,,,,634.00,,,,604.00,,,
741.00,655.00,,,,321.00,,,,334.00,,,
742.00,1215.00,,,,587.00,,,,628.00,,,
743.00,956.00,,,,484.00,,,,472.00,,,
744.00,818.00,,,,378.00,,,,440.00,,,
745.00,1206.00,,,,614.00,,,,592.00,,,
746.00,1274.00,,,,691.00,,,,583.00,,,
747.00,863.00,,,,444.00,,,,419.00,,,
748.00,859.00,,,,421.00,,,,438.00,,,
749.00,947.00,,,,488.00,,,,460.00,,,
750.00,520.00,,,,272.00,,,,248.00,,,
751.00,878.00,,,,496.00,,,,381.00,,,
752.00,629.00,,,,299.00,,,,330.00,,,
753.00,936.00,,,,502.00,,,,433.00,,,
755.00,426.00,,,,225.00,,,,201.00,,,
756.00,1116.00,,,,569.00,,,,547.00,,,
757.00,1363.00,,,,702.00,,,,661.00,,,
758.00,968.00,,,,492.00,,,,476.00,,,
759.00,822.00,,,,428.00,,,,394.00,,,
760.00,1132.00,,,,583.00,,,,549.00,,,
761.00,691.00,,,,355.00,,,,335.00,,,
762.00,777.00,,,,390.00,,,,387.00,,,
763.00,2116.00,,,,1052.00,,,,1064.00,,,
764.00,644.00,,,,315.00,,,,330.00,,,
765.00,722.00,,,,354.00,,,,368.00,,,
766.00,559.00,,,,326.00,,,,233.00,,,
767.00,1275.00,,,,673.00,,,,602.00,,,
768.00,650.00,,,,308.00,,,,342.00,,,
769.00,985.00,,,,527.00,,,,458.00,,,
771.00,965.00,,,,502.00,,,,463.00,,,
772.00,993.00,,,,500.00,,,,494.00,,,
773.00,739.00,,,,356.00,,,,383.00,,,
774.00,360.00,,,,198.00,,,,161.00,,,
775.00,666.00,,,,351.00,,,,314.00,,,
776.00,477.00,,,,254.00,,,,223.00,,,
777.00,589.00,,,,290.00,,,,299.00,,,
778.00,945.00,,,,478.00,,,,467.00,,,
779.00,1086.00,,,,556.00,,,,530.00,,,
780.00,1314.00,,,,644.00,,,,669.00,,,
783.00,703.00,,,,380.00,,,,323.00,,,
784.00,879.00,,,,430.00,,,,448.00,,,
785.00,892.00,,,,458.00,,,,434.00,,,
786.00,768.00,,,,446.00,,,,322.00,,,
787.00,1455.00,,,,724.00,,,,731.00,,,
788.00,1064.00,,,,543.00,,,,521.00,,,
789.00,703.00,,,,352.00,,,,351.00,,,
791.00,1064.00,,,,542.00,,,,521.00,,,
792.00,477.00,,,,238.00,,,,239.00,,,
793.00,1047.00,,,,520.00,,,,527.00,,,
794.00,528.00,,,,263.00,,,,265.00,,,
795.00,752.00,,,,382.00,,,,371.00,,,
796.00,1044.00,,,,531.00,,,,513.00,,,
797.00,1906.00,,,,937.00,,,,969.00,,,
798.00,918.00,,,,450.00,,,,468.00,,,
799.00,1124.00,,,,545.00,,,,579.00,,,
800.00,907.00,,,,471.00,,,,436.00,,,
801.00,1316.00,,,,783.00,,,,533.00,,,
802.00,903.00,,,,457.00,,,,446.00,,,
803.00,683.00,,,,356.00,,,,327.00,,,
804.00,1377.00,,,,724.00,,,,653.00,,,
805.00,771.00,,,,384.00,,,,387.00,,,
806.00,742.00,,,,387.00,,,,356.00,,,
807.00,923.00,,,,453.00,,,,470.00,,,
808.00,555.00,,,,285.00,,,,270.00,,,
809.00,570.00,,,,284.00,,,,286.00,,,
810.00,651.00,,,,306.00,,,,345.00,,,
811.00,734.00,,,,373.00,,,,361.00,,,
812.00,6511.00,,,,3280.00,,,,3231.00,,,
813.00,1137.00,,,,566.00,,,,571.00,,,
814.00,929.00,,,,457.00,,,,473.00,,,
815.00,559.00,,,,281.00,,,,278.00,,,
816.00,524.00,,,,278.00,,,,246.00,,,
817.00,1495.00,,,,773.00,,,,722.00,,,
818.00,729.00,,,,370.00,,,,359.00,,,
819.00,826.00,,,,402.00,,,,424.00,,,
820.00,455.00,,,,239.00,,,,216.00,,,
821.00,547.00,,,,305.00,,,,242.00,,,
822.00,896.00,,,,437.00,,,,459.00,,,
823.00,674.00,,,,339.00,,,,335.00,,,
824.00,1052.00,,,,558.00,,,,494.00,,,
825.00,1414.00,,,,723.00,,,,691.00,,,
826.00,429.00,,,,240.00,,,,189.00,,,
827.00,677.00,,,,357.00,,,,320.00,,,
828.00,1001.00,,,,512.00,,,,488.00,,,
829.00,439.00,,,,229.00,,,,209.00,,,
831.00,10294.00,,,,5419.00,,,,4875.00,,,
833.00,193.00,,,,94.00,,,,99.00,,,
836.00,587.00,,,,284.00,,,,303.00,,,
837.00,904.00,,,,468.00,,,,436.00,,,
838.00,841.00,,,,413.00,,,,428.00,,,
839.00,841.00,,,,434.00,,,,407.00,,,
840.00,279.00,,,,135.00,,,,145.00,,,
841.00,1200.00,,,,597.00,,,,603.00,,,
842.00,819.00,,,,404.00,,,,415.00,,,
843.00,412.00,,,,222.00,,,,189.00,,,
844.00,423.00,,,,220.00,,,,203.00,,,
845.00,720.00,,,,375.00,,,,344.00,,,
846.00,427.00,,,,211.00,,,,217.00,,,
848.00,1018.00,,,,332.00,,,,687.00,,,
849.00,1007.00,,,,501.00,,,,506.00,,,
850.00,1093.00,,,,558.00,,,,535.00,,,
851.00,1115.00,,,,544.00,,,,571.00,,,
852.00,364.00,,,,171.00,,,,193.00,,,
853.00,973.00,,,,506.00,,,,467.00,,,
854.00,401.00,,,,211.00,,,,191.00,,,
856.00,1928.00,,,,1220.00,,,,708.00,,,
857.00,822.00,,,,412.00,,,,410.00,,,
858.00,1348.00,,,,674.00,,,,674.00,,,
859.00,428.00,,,,222.00,,,,205.00,,,
861.00,809.00,,,,390.00,,,,418.00,,,
862.00,621.00,,,,322.00,,,,300.00,,,
863.00,918.00,,,,489.00,,,,429.00,,,
864.00,786.00,,,,400.00,,,,386.00,,,
865.00,299.00,,,,141.00,,,,159.00,,,
866.00,717.00,,,,357.00,,,,361.00,,,
868.00,309.00,,,,156.00,,,,153.00,,,
870.00,870.00,,,,447.00,,,,422.00,,,
871.00,829.00,,,,427.00,,,,402.00,,,
872.00,359.00,,,,188.00,,,,172.00,,,
873.00,503.00,,,,251.00,,,,252.00,,,
874.00,25675.00,,,,12815.00,,,,12860.00,,,
875.00,229.00,,,,113.00,,,,116.00,,,
877.00,916.00,,,,452.00,,,,464.00,,,
880.00,1630.00,,,,822.00,,,,808.00,,,
882.00,178.00,,,,17.00,,,,161.00,,,
885.00,479.00,,,,242.00,,,,237.00,,,
886.00,81.00,,,,59.00,,,,22.00,,,
888.00,836.00,,,,442.00,,,,394.00,,,
889.00,302.00,,,,150.00,,,,152.00,,,
890.00,222.00,,,,107.00,,,,114.00,,,
892.00,668.00,,,,340.00,,,,327.00,,,
897.00,307.00,,,,181.00,,,,126.00,,,
913.00,6053.00,,,,3042.00,,,,3010.00,,,
916.00,413.00,,,,213.00,,,,200.00,,,
917.00,1121.00,,,,558.00,,,,563.00,,,
919.00,824.00,,,,388.00,,,,436.00,,,
921.00,574.00,,,,389.00,,,,185.00,,,
922.00,12668.00,,,,6550.00,,,,6117.00,,,
926.00,253.00,,,,104.00,,,,150.00,,,
942.00,182.00,,,,97.00,,,,85.00,,,
944.00,7916.00,,,,3916.00,,,,4000.00,,,
962.00,6776.00,,,,3360.00,,,,3416.00,,,
975.00,8119.00,,,,4126.00,,,,3993.00,,,
978.00,5504.00,,,,2769.00,,,,2735.00,,,
990.00,643.00,,,,332.00,,,,311.00,,,
993.00,1503.00,,,,732.00,,,,771.00,,,
994.00,1389.00,,,,695.00,,,,693.00,,,
997.00,2047.00,,,,1035.00,,,,1012.00,,,
998.00,9522.00,,,,4830.00,,,,4692.00,,,
1015.00,24052.00,,,,11945.00,,,,12108.00,,,
1020.00,18972.00,,,,9326.00,,,,9646.00,,,
1024.00,846.00,,,,414.00,,,,432.00,,,
1031.00,27635.00,,,,14163.00,,,,13472.00,,,
1034.00,23819.00,,,,12041.00,,,,11779.00,,,
1043.00,207.00,,,,110.00,,,,97.00,,,
1044.00,300.00,,,,154.00,,,,146.00,,,
1045.00,293.00,,,,156.00,,,,137.00,,,
1046.00,408.00,,,,212.00,,,,196.00,,,
1047.00,306.00,,,,152.00,,,,154.00,,,
1050.00,2197.00,,,,1090.00,,,,1107.00,,,
1051.00,302.00,,,,155.00,,,,147.00,,,
1052.00,471.00,,,,235.00,,,,236.00,,,
1054.00,20808.00,,,,10347.00,,,,10461.00,,,
1056.00,173.00,,,,96.00,,,,77.00,,,
1057.00,56.00,,,,27.00,,,,28.00,,,
1058.00,335.00,,,,184.00,,,,152.00,,,
1059.00,21866.00,,,,10944.00,,,,10922.00,,,
1060.00,14075.00,,,,7017.00,,,,7058.00,,,
1061.00,41734.00,23296.00,29755.00,11979.00,20018.00,11111.00,14116.00,5902.00,21716.00,12185.00,15640.00,6077.00
1063.00,21836.00,14312.00,17090.00,4746.00,10936.00,7257.00,8577.00,2359.00,10900.00,7055.00,8512.00,2388.00
1064.00,866.00,,,,421.00,,,,445.00,,,
1065.00,624.00,,,,316.00,,,,308.00,,,
1066.00,6978.00,,,,3348.00,,,,3630.00,,,
1067.00,483.00,,,,245.00,,,,238.00,,,
1068.00,216.00,,,,108.00,,,,108.00,,,
1069.00,978.00,,,,501.00,,,,477.00,,,
1070.00,875.00,,,,434.00,,,,441.00,,,
1071.00,849.00,,,,459.00,,,,390.00,,,
1072.00,636.00,,,,332.00,,,,304.00,,,
1076.00,198.00,,,,70.00,,,,128.00,,,
1077.00,410.00,,,,192.00,,,,218.00,,,
1079.00,402.00,,,,200.00,,,,203.00,,,
1080.00,1235.00,,,,613.00,,,,622.00,,,
1081.00,299.00,,,,156.00,,,,143.00,,,
1082.00,2061.00,,,,1008.00,,,,1053.00,,,
1083.00,955.00,,,,610.00,,,,345.00,,,
1084.00,620.00,,,,315.00,,,,305.00,,,
1085.00,183.00,,,,97.00,,,,86.00,,,
1094.00,534.00,,,,371.00,,,,164.00,,,
1095.00,375.00,,,,186.00,,,,190.00,,,
1098.00,2230.00,,,,1267.00,,,,963.00,,,
1102.00,268.00,,,,128.00,,,,140.00,,,
1103.00,339.00,,,,172.00,,,,166.00,,,
1104.00,355.00,,,,186.00,,,,168.00,,,
1105.00,1234.00,,,,643.00,,,,591.00,,,
1108.00,387.00,,,,185.00,,,,202.00,,,
1110.00,616.00,,,,307.00,,,,310.00,,,
1112.00,908.00,,,,460.00,,,,448.00,,,
1113.00,11120.00,,,,5542.00,,,,5578.00,,,
1114.00,1082.00,,,,558.00,,,,524.00,,,
1115.00,471.00,,,,231.00,,,,240.00,,,
1123.00,883.00,,,,438.00,,,,445.00,,,
1124.00,447.00,,,,242.00,,,,206.00,,,
1125.00,418.00,,,,212.00,,,,206.00,,,
1126.00,315.00,,,,154.00,,,,160.00,,,
1127.00,840.00,,,,500.00,,,,340.00,,,
1128.00,366.00,,,,188.00,,,,178.00,,,
1129.00,249.00,,,,123.00,,,,126.00,,,
1130.00,243.00,,,,124.00,,,,118.00,,,
1132.00,586.00,,,,304.00,,,,282.00,,,
1133.00,277.00,,,,139.00,,,,137.00,,,
1134.00,299.00,,,,145.00,,,,154.00,,,
1136.00,444.00,,,,224.00,,,,220.00,,,
1137.00,6128.00,,,,3238.00,,,,2890.00,,,
1138.00,690.00,,,,351.00,,,,339.00,,,
1139.00,46252.00,,,,22597.00,,,,23656.00,,,
1140.00,1972.00,,,,971.00,,,,1000.00,,,
1141.00,255.00,,,,125.00,,,,129.00,,,
1143.00,420.00,,,,230.00,,,,190.00,,,
1144.00,209.00,,,,151.00,,,,58.00,,,
1145.00,537.00,,,,271.00,,,,266.00,,,
1146.00,510.00,,,,245.00,,,,265.00,,,
1147.00,306.00,,,,158.00,,,,148.00,,,
1148.00,313.00,,,,147.00,,,,166.00,,,
1149.00,817.00,,,,425.00,,,,392.00,,,
1150.00,451.00,,,,234.00,,,,217.00,,,
1151.00,501.00,,,,250.00,,,,251.00,,,
1153.00,188.00,,,,117.00,,,,70.00,,,
1154.00,214.00,,,,183.00,,,,31.00,,,
1155.00,676.00,,,,345.00,,,,330.00,,,
1156.00,279.00,,,,136.00,,,,143.00,,,
1157.00,303.00,,,,109.00,,,,194.00,,,
1158.00,218.00,,,,113.00,,,,104.00,,,
1160.00,814.00,,,,425.00,,,,389.00,,,
1161.00,71437.00,,,,,,,,,,,
1162.00,35807.00,,,,466.00,,,,409.00,,,
1163.00,35630.00,,,,212.00,,,,240.00,,,
1165.00,771.00,,,,385.00,,,,386.00,,,
1166.00,264.00,,,,137.00,,,,127.00,,,
1167.00,5343.00,,,,2662.00,,,,2680.00,,,
1171.00,782.00,,,,395.00,,,,387.00,,,
1172.00,319.00,,,,167.00,,,,152.00,,,
1173.00,128.00,,,,58.00,,,,70.00,,,
1174.00,862.00,,,,419.00,,,,443.00,,,
1175.00,392.00,,,,191.00,,,,200.00,,,
1176.00,447.00,,,,216.00,,,,230.00,,,
1177.00,543.00,,,,259.00,,,,284.00,,,
1178.00,1489.00,,,,724.00,,,,765.00,,,
1179.00,927.00,,,,473.00,,,,454.00,,,
1180.00,331.00,,,,156.00,,,,174.00,,,
1181.00,1186.00,,,,615.00,,,,572.00,,,
1182.00,1118.00,,,,569.00,,,,549.00,,,
1183.00,748.00,,,,368.00,,,,380.00,,,
1184.00,191.00,,,,99.00,,,,92.00,,,
1185.00,142.00,,,,76.00,,,,66.00,,,
1186.00,2051.00,,,,1021.00,,,,1031.00,,,
1190.00,1029.00,,,,518.00,,,,511.00,,,
1191.00,1072.00,,,,529.00,,,,543.00,,,
1192.00,18332.00,,,,9163.00,,,,9169.00,,,
1195.00,319.00,,,,225.00,,,,93.00,,,
1196.00,267.00,,,,128.00,,,,140.00,,,
1197.00,227.00,,,,112.00,,,,115.00,,,
1198.00,489.00,,,,244.00,,,,245.00,,,
1199.00,1910.00,,,,989.00,,,,921.00,,,
1200.00,93277.00,,,,46220.00,,,,47057.00,,,
1201.00,1402.00,,,,703.00,,,,699.00,,,
1202.00,557.00,,,,277.00,,,,279.00,,,
1203.00,542.00,,,,273.00,,,,269.00,,,
1204.00,1092.00,,,,561.00,,,,531.00,,,
1205.00,459.00,,,,232.00,,,,228.00,,,
1206.00,291.00,,,,148.00,,,,143.00,,,
1207.00,717.00,,,,363.00,,,,354.00,,,
1208.00,588.00,,,,298.00,,,,289.00,,,
1209.00,333.00,,,,160.00,,,,173.00,,,
1210.00,442.00,,,,224.00,,,,218.00,,,
1211.00,270.00,,,,124.00,,,,146.00,,,
1212.00,132.00,,,,69.00,,,,62.00,,,
1213.00,274.00,,,,149.00,,,,125.00,,,
1214.00,478.00,,,,276.00,,,,202.00,,,
1219.00,177.00,,,,87.00,,,,90.00,,,
1220.00,263.00,,,,130.00,,,,133.00,,,
1221.00,901.00,,,,478.00,,,,424.00,,,
1222.00,1070.00,,,,549.00,,,,521.00,,,
1223.00,358.00,,,,189.00,,,,169.00,,,
1224.00,8702.00,,,,4361.00,,,,4341.00,,,
1225.00,114.00,,,,58.00,,,,56.00,,,
1226.00,1093.00,,,,533.00,,,,560.00,,,
1227.00,508.00,,,,269.00,,,,239.00,,,
1228.00,1057.00,,,,525.00,,,,532.00,,,
1229.00,238.00,,,,130.00,,,,109.00,,,
1230.00,427.00,,,,207.00,,,,220.00,,,
1231.00,246.00,,,,132.00,,,,114.00,,,
1232.00,338.00,,,,172.00,,,,166.00,,,
1233.00,501.00,,,,255.00,,,,245.00,,,
1235.00,517.00,,,,264.00,,,,254.00,,,
1236.00,926.00,,,,469.00,,,,457.00,,,
1237.00,329.00,,,,164.00,,,,165.00,,,
1238.00,211.00,,,,114.00,,,,97.00,,,
1239.00,169.00,,,,83.00,,,,86.00,,,
1240.00,1146.00,,,,584.00,,,,562.00,,,
1241.00,350.00,,,,179.00,,,,172.00,,,
1242.00,891.00,,,,450.00,,,,441.00,,,
1243.00,2884.00,,,,1425.00,,,,1458.00,,,
1244.00,1292.00,,,,633.00,,,,659.00,,,
1245.00,3340.00,,,,1665.00,,,,1674.00,,,
1246.00,1682.00,,,,861.00,,,,820.00,,,
1247.00,13232.00,,,,6513.00,,,,6719.00,,,
1248.00,150.00,,,,76.00,,,,74.00,,,
1249.00,1095.00,,,,537.00,,,,558.00,,,
1251.00,195.00,,,,105.00,,,,89.00,,,
1252.00,349.00,,,,163.00,,,,186.00,,,
1253.00,392.00,,,,186.00,,,,206.00,,,
1254.00,449.00,,,,228.00,,,,221.00,,,
1255.00,177.00,,,,96.00,,,,81.00,,,
1256.00,587.00,,,,282.00,,,,306.00,,,
1257.00,983.00,,,,500.00,,,,483.00,,,
1258.00,347.00,,,,167.00,,,,180.00,,,
1259.00,323.00,145.00,162.00,161.00,172.00,74.00,79.00,93.00,151.00,71.00,83.00,69.00
1260.00,537.00,,,,289.00,,,,249.00,,,
1261.00,198.00,,,,104.00,,,,95.00,,,
1262.00,344.00,,,,164.00,,,,180.00,,,
1263.00,5486.00,,,,2676.00,,,,2809.00,,,
1264.00,1743.00,,,,881.00,,,,861.00,,,
1265.00,825.00,,,,484.00,,,,341.00,,,
1266.00,164.00,,,,82.00,,,,82.00,,,
1268.00,9418.00,,,,4731.00,,,,4687.00,,,
1271.00,6415.00,,,,3176.00,,,,3239.00,,,
1272.00,536.00,,,,271.00,,,,265.00,,,
1274.00,2670.00,,,,1345.00,,,,1325.00,,,
1275.00,468.00,,,,226.00,,,,242.00,,,
1276.00,126.00,,,,70.00,,,,56.00,,,
1278.00,188.00,,,,91.00,,,,97.00,,,
1279.00,114.00,,,,60.00,,,,54.00,,,
1280.00,286.00,,,,141.00,,,,145.00,,,
1282.00,723.00,,,,356.00,,,,367.00,,,
1283.00,575.00,,,,286.00,,,,288.00,,,
1284.00,2689.00,,,,1374.00,,,,1315.00,,,
1285.00,528.00,,,,271.00,,,,256.00,,,
1286.00,10936.00,,,,5499.00,,,,5437.00,,,
1287.00,544.00,,,,284.00,,,,260.00,,,
1288.00,1964.00,,,,992.00,,,,972.00,,,
1290.00,7094.00,,,,3587.00,,,,3507.00,,,
1291.00,188.00,,,,100.00,,,,88.00,,,
1292.00,21163.00,,,,10663.00,,,,10499.00,,,
1293.00,2049.00,,,,1025.00,,,,1023.00,,,
1294.00,574.00,,,,294.00,,,,280.00,,,
1295.00,6679.00,,,,3349.00,,,,3330.00,,,
1296.00,8818.00,,,,4497.00,,,,4321.00,,,
1297.00,750.00,,,,382.00,,,,368.00,,,
1303.00,22337.00,,,,11244.00,,,,11093.00,,,
1304.00,21045.00,,,,10403.00,,,,10642.00,,,
1309.00,48763.00,,,,24729.00,,,,24034.00,,,
1310.00,2394.00,,,,1187.00,,,,1206.00,,,
1311.00,298.00,,,,147.00,,,,151.00,,,
1313.00,1162.00,,,,570.00,,,,591.00,,,
1314.00,950.00,,,,469.00,,,,481.00,,,
1315.00,3617.00,,,,1811.00,,,,1806.00,,,
1316.00,191.00,,,,107.00,,,,84.00,,,
1317.00,515.00,,,,268.00,,,,247.00,,,
1318.00,436.00,,,,279.00,,,,157.00,,,
1319.00,5301.00,,,,2706.00,,,,2595.00,,,
1320.00,305.00,,,,155.00,,,,150.00,,,
1321.00,710.00,,,,353.00,,,,357.00,,,
1322.00,324.00,,,,162.00,,,,161.00,,,
1323.00,760.00,,,,387.00,,,,373.00,,,
1324.00,165.00,,,,81.00,,,,84.00,,,
1325.00,160.00,,,,126.00,,,,34.00,,,
1326.00,10010.00,,,,5124.00,,,,4886.00,,,
1327.00,15065.00,,,,7661.00,,,,7405.00,,,
1330.00,2279.00,,,,1148.00,,,,1132.00,,,
1331.00,1534.00,,,,777.00,,,,757.00,,,
1332.00,773.00,,,,388.00,,,,385.00,,,
1333.00,2128.00,,,,1051.00,,,,1077.00,,,
1334.00,393.00,,,,195.00,,,,198.00,,,
1335.00,815.00,,,,436.00,,,,379.00,,,
1336.00,706.00,,,,358.00,,,,348.00,,,
1337.00,2514.00,,,,1293.00,,,,1222.00,,,
1338.00,181.00,,,,96.00,,,,85.00,,,
1339.00,196.00,,,,89.00,,,,107.00,,,
1340.00,501.00,,,,243.00,,,,258.00,,,
1341.00,53.00,,,,44.00,,,,8.00,,,
1342.00,1904.00,,,,970.00,,,,934.00,,,
1343.00,839.00,,,,413.00,,,,426.00,,,
1344.00,1230.00,,,,611.00,,,,619.00,,,
1345.00,6361.00,,,,3125.00,,,,3236.00,,,
1346.00,1139.00,,,,625.00,,,,514.00,,,
1347.00,2460.00,,,,1227.00,,,,1233.00,,,
1348.00,5874.00,,,,2925.00,,,,2949.00,,,
1349.00,1244.00,,,,648.00,,,,595.00,,,
1358.00,4277.00,,,,2134.00,,,,2143.00,,,
1359.00,5875.00,,,,3126.00,,,,2749.00,,,
1360.00,1867.00,,,,916.00,,,,951.00,,,
1361.00,412.00,,,,208.00,,,,205.00,,,
1363.00,770.00,,,,417.00,,,,354.00,,,
1364.00,365.00,,,,187.00,,,,178.00,,,
1365.00,546.00,,,,288.00,,,,258.00,,,
1366.00,1267.00,,,,745.00,,,,522.00,,,
1367.00,429.00,,,,222.00,,,,207.00,,,
1368.00,1211.00,,,,626.00,,,,585.00,,,
1369.00,613.00,,,,307.00,,,,305.00,,,
1370.00,626.00,,,,298.00,,,,328.00,,,
1371.00,867.00,,,,457.00,,,,411.00,,,
1372.00,498.00,,,,237.00,,,,261.00,,,
1374.00,508.00,,,,242.00,,,,266.00,,,
1375.00,2023.00,,,,1043.00,,,,980.00,,,
1376.00,1525.00,,,,720.00,,,,806.00,,,
1377.00,171.00,,,,73.00,,,,98.00,,,
1419.00,498.00,,,,258.00,,,,241.00,,,
2002.00,830.00,,,,426.00,,,,404.00,,,
2003.00,945.00,,,,478.00,,,,467.00,,,
2006.00,439.00,,,,242.00,,,,197.00,,,
2008.00,687.00,,,,331.00,,,,356.00,,,
2009.00,638.00,,,,325.00,,,,313.00,,,
2010.00,749.00,,,,377.00,,,,372.00,,,
2011.00,1197.00,,,,609.00,,,,588.00,,,
2012.00,496.00,,,,242.00,,,,254.00,,,
2013.00,870.00,,,,439.00,,,,431.00,,,
2014.00,386.00,,,,193.00,,,,194.00,,,
2015.00,1019.00,,,,510.00,,,,509.00,,,
2016.00,444.00,,,,216.00,,,,227.00,,,
2018.00,1176.00,,,,568.00,,,,609.00,,,
2023.00,567.00,,,,265.00,,,,302.00,,,
2024.00,1117.00,,,,580.00,,,,536.00,,,
2026.00,371.00,,,,185.00,,,,186.00,,,
2029.00,794.00,,,,376.00,,,,418.00,,,
2030.00,618.00,,,,305.00,,,,314.00,,,
2033.00,1248.00,,,,830.00,,,,418.00,,,
2034.00,9272.00,,,,4745.00,,,,4527.00,,,
2035.00,515.00,,,,264.00,,,,251.00,,,
2038.00,2082.00,,,,1016.00,,,,1065.00,,,
2039.00,181.00,,,,109.00,,,,72.00,,,
2042.00,610.00,,,,347.00,,,,263.00,,,
2043.00,1084.00,,,,573.00,,,,511.00,,,
2044.00,360.00,,,,183.00,,,,177.00,,,
2045.00,717.00,,,,361.00,,,,356.00,,,
2046.00,717.00,,,,364.00,,,,353.00,,,
2047.00,592.00,,,,303.00,,,,289.00,,,
2048.00,686.00,,,,329.00,,,,357.00,,,
2049.00,665.00,,,,348.00,,,,317.00,,,
2050.00,529.00,,,,270.00,,,,259.00,,,
2051.00,551.00,,,,274.00,,,,276.00,,,
2052.00,494.00,,,,261.00,,,,233.00,,,
2053.00,322.00,,,,160.00,,,,162.00,,,
2054.00,471.00,,,,259.00,,,,212.00,,,
2055.00,1398.00,,,,676.00,,,,722.00,,,
2057.00,463.00,,,,239.00,,,,224.00,,,
2059.00,562.00,,,,279.00,,,,283.00,,,
2060.00,564.00,,,,283.00,,,,281.00,,,
2061.00,653.00,,,,335.00,,,,317.00,,,
2062.00,446.00,,,,227.00,,,,220.00,,,
2063.00,333.00,,,,167.00,,,,166.00,,,
2064.00,468.00,,,,240.00,,,,228.00,,,
2100.00,23112.00,,,,11382.00,,,,11730.00,,,
2200.00,34500.00,,,,17180.00,,,,17320.00,,,
2300.00,18130.00,,,,8709.00,,,,9421.00,,,
2400.00,36813.00,,,,18215.00,,,,18597.00,,,
2500.00,24148.00,,,,11712.00,,,,12436.00,,,
2530.00,27768.00,,,,14246.00,,,,13522.00,,,
2550.00,28313.00,,,,13705.00,,,,14609.00,,,
2560.00,26756.00,,,,13135.00,,,,13621.00,,,
2600.00,52299.00,,,,27159.00,,,,25140.00,,,
2610.00,124957.00,,,,62438.00,,,,62519.00,,,
2620.00,40409.00,,,,19665.00,,,,20744.00,,,
2630.00,57105.00,,,,28225.00,,,,28879.00,,,
2640.00,61801.00,,,,30875.00,,,,30926.00,,,
2650.00,47245.00,,,,22704.00,,,,24542.00,,,
2660.00,47585.00,,,,23662.00,,,,23923.00,,,
2710.00,56109.00,,,,28601.00,,,,27508.00,,,
2720.00,26552.00,,,,13331.00,,,,13221.00,,,
2730.00,43957.00,,,,22120.00,,,,21837.00,,,
2800.00,22512.00,,,,11199.00,,,,11312.00,,,
3000.00,936425.00,563222.00,577621.00,358804.00,467359.00,280985.00,287409.00,179950.00,469066.00,282236.00,290212.00,178855.00
3488.00,1156.00,,,,747.00,,,,409.00,,,
3555.00,212.00,,,,105.00,,,,107.00,,,
3556.00,254.00,,,,129.00,,,,125.00,,,
3557.00,4544.00,,,,2240.00,,,,2304.00,,,
3558.00,276.00,,,,141.00,,,,135.00,,,
3560.00,3838.00,,,,1861.00,,,,1977.00,,,
3561.00,575.00,,,,235.00,,,,339.00,,,
3563.00,4076.00,,,,2062.00,,,,2014.00,,,
3564.00,2227.00,,,,1193.00,,,,1034.00,,,
3565.00,700.00,,,,351.00,,,,349.00,,,
3566.00,202.00,,,,96.00,,,,106.00,,,
3567.00,1331.00,,,,690.00,,,,641.00,,,
3568.00,330.00,,,,173.00,,,,156.00,,,
3569.00,448.00,,,,227.00,,,,220.00,,,
3570.00,20540.00,,,,10325.00,,,,10216.00,,,
3571.00,977.00,,,,518.00,,,,459.00,,,
3572.00,1312.00,,,,637.00,,,,675.00,,,
3573.00,1485.00,,,,705.00,,,,780.00,,,
3574.00,5973.00,,,,3188.00,,,,2785.00,,,
3575.00,1437.00,,,,720.00,,,,718.00,,,
3576.00,2560.00,,,,1477.00,,,,1083.00,,,
3578.00,666.00,,,,347.00,,,,319.00,,,
3579.00,1920.00,,,,1100.00,,,,820.00,,,
3598.00,132.00,,,,72.00,,,,60.00,,,
3599.00,609.00,,,,297.00,,,,311.00,,,
3601.00,438.00,,,,222.00,,,,216.00,,,
3602.00,933.00,,,,465.00,,,,468.00,,,
3603.00,1635.00,,,,801.00,,,,833.00,,,
3604.00,3098.00,,,,1649.00,,,,1449.00,,,
3605.00,184.00,,,,94.00,,,,90.00,,,
3606.00,203.00,,,,97.00,,,,107.00,,,
3607.00,358.00,,,,164.00,,,,194.00,,,
3608.00,1260.00,,,,662.00,,,,599.00,,,
3609.00,173.00,,,,69.00,,,,104.00,,,
3610.00,207.00,,,,97.00,,,,110.00,,,
3611.00,7326.00,,,,3582.00,,,,3744.00,,,
3612.00,182.00,,,,93.00,,,,88.00,,,
3613.00,504.00,,,,270.00,,,,235.00,,,
3614.00,166.00,,,,88.00,,,,78.00,,,
3615.00,304.00,,,,163.00,,,,140.00,,,
3616.00,38155.00,,,,18709.00,,,,19446.00,,,
3617.00,3043.00,,,,1358.00,,,,1686.00,,,
3618.00,2459.00,,,,1191.00,,,,1268.00,,,
3619.00,175.00,,,,95.00,,,,80.00,,,
3620.00,101.00,,,,54.00,,,,47.00,,,
3637.00,996.00,,,,480.00,,,,516.00,,,
3638.00,4674.00,,,,2364.00,,,,2310.00,,,
3639.00,341.00,,,,174.00,,,,167.00,,,
3640.00,8135.00,,,,4202.00,,,,3933.00,,,
3641.00,4356.00,,,,2183.00,,,,2173.00,,,
3643.00,1410.00,,,,729.00,,,,681.00,,,
3644.00,1067.00,,,,545.00,,,,522.00,,,
3645.00,350.00,,,,175.00,,,,176.00,,,
3646.00,296.00,,,,167.00,,,,129.00,,,
3647.00,2288.00,,,,1148.00,,,,1140.00,,,
3648.00,891.00,,,,530.00,,,,362.00,,,
3649.00,962.00,,,,500.00,,,,461.00,,,
3650.00,10806.00,,,,5581.00,,,,5225.00,,,
3651.00,1529.00,,,,769.00,,,,760.00,,,
3652.00,5253.00,,,,2649.00,,,,2604.00,,,
3653.00,663.00,,,,326.00,,,,337.00,,,
3654.00,1895.00,,,,951.00,,,,944.00,,,
3655.00,1786.00,,,,929.00,,,,857.00,,,
3656.00,437.00,,,,243.00,,,,194.00,,,
3657.00,595.00,,,,286.00,,,,309.00,,,
3658.00,900.00,,,,521.00,,,,379.00,,,
3659.00,1881.00,,,,915.00,,,,965.00,,,
3660.00,3906.00,,,,1958.00,,,,1947.00,,,
3709.00,2669.00,,,,1423.00,,,,1246.00,,,
3710.00,2757.00,,,,1417.00,,,,1340.00,,,
3712.00,891.00,,,,449.00,,,,442.00,,,
3713.00,165.00,,,,84.00,,,,81.00,,,
3715.00,1420.00,,,,723.00,,,,697.00,,,
3717.00,224.00,,,,119.00,,,,105.00,,,
3719.00,445.00,,,,236.00,,,,209.00,,,
3720.00,6039.00,,,,3039.00,,,,3000.00,,,
3723.00,635.00,,,,405.00,,,,230.00,,,
3724.00,352.00,,,,181.00,,,,171.00,,,
3725.00,2322.00,,,,1157.00,,,,1165.00,,,
3726.00,2383.00,,,,1303.00,,,,1079.00,,,
3727.00,3399.00,,,,1700.00,,,,1699.00,,,
3730.00,18420.00,,,,9105.00,,,,9315.00,,,
3743.00,872.00,,,,462.00,,,,409.00,,,
3744.00,1166.00,,,,588.00,,,,578.00,,,
3745.00,550.00,,,,312.00,,,,239.00,,,
3746.00,958.00,,,,481.00,,,,478.00,,,
3747.00,1448.00,,,,686.00,,,,762.00,,,
3748.00,1044.00,,,,649.00,,,,395.00,,,
3749.00,1726.00,,,,944.00,,,,783.00,,,
3750.00,7952.00,,,,4006.00,,,,3946.00,,,
3751.00,447.00,,,,248.00,,,,199.00,,,
3752.00,906.00,,,,353.00,,,,552.00,,,
3754.00,932.00,,,,513.00,,,,420.00,,,
3756.00,1339.00,,,,782.00,,,,558.00,,,
3759.00,462.00,,,,259.00,,,,203.00,,,
3760.00,8955.00,,,,4538.00,,,,4417.00,,,
3762.00,1269.00,,,,725.00,,,,544.00,,,
3763.00,5682.00,,,,2831.00,,,,2851.00,,,
3764.00,667.00,,,,369.00,,,,298.00,,,
3765.00,4415.00,,,,2384.00,,,,2031.00,,,
3766.00,1001.00,,,,501.00,,,,499.00,,,
3767.00,725.00,,,,389.00,,,,335.00,,,
3768.00,2010.00,,,,1049.00,,,,960.00,,,
3769.00,4088.00,,,,2044.00,,,,2043.00,,,
3770.00,2771.00,,,,1364.00,,,,1407.00,,,
3777.00,519.00,,,,272.00,,,,248.00,,,
3778.00,2428.00,,,,1242.00,,,,1186.00,,,
3779.00,8541.00,,,,4161.00,,,,4380.00,,,
3780.00,59270.00,,,,29579.00,,,,29691.00,,,
3781.00,1599.00,,,,792.00,,,,807.00,,,
3782.00,228.00,,,,113.00,,,,114.00,,,
3784.00,741.00,,,,383.00,,,,358.00,,,
3785.00,310.00,,,,178.00,,,,132.00,,,
3786.00,237.00,,,,147.00,,,,90.00,,,
3787.00,2148.00,,,,1076.00,,,,1072.00,,,
3788.00,4575.00,,,,2307.00,,,,2267.00,,,
3790.00,864.00,,,,437.00,,,,427.00,,,
3791.00,2406.00,,,,1204.00,,,,1202.00,,,
3793.00,1923.00,,,,994.00,,,,929.00,,,
3794.00,1568.00,,,,836.00,,,,732.00,,,
3795.00,2632.00,,,,1297.00,,,,1334.00,,,
3796.00,2657.00,,,,1358.00,,,,1299.00,,,
3797.00,76374.00,,,,38787.00,,,,37588.00,,,
3822.00,802.00,,,,404.00,,,,398.00,,,
3823.00,2603.00,,,,1287.00,,,,1316.00,,,
3824.00,209.00,,,,107.00,,,,102.00,,,
4000.00,285316.00,216402.00,251954.00,33362.00,137694.00,104887.00,121093.00,16601.00,147622.00,111515.00,130861.00,16761.00
4001.00,6610.00,,,,3391.00,,,,3219.00,,,
4002.00,433.00,,,,221.00,,,,212.00,,,
4003.00,398.00,,,,208.00,,,,190.00,,,
4004.00,434.00,,,,229.00,,,,205.00,,,
4005.00,2055.00,,,,1421.00,,,,634.00,,,
4006.00,799.00,,,,422.00,,,,377.00,,,
4007.00,745.00,,,,309.00,,,,436.00,,,
4008.00,557.00,,,,281.00,,,,276.00,,,
4009.00,276.00,,,,141.00,,,,136.00,,,
4010.00,155.00,,,,84.00,,,,71.00,,,
4011.00,725.00,,,,363.00,,,,362.00,,,
4012.00,533.00,,,,272.00,,,,261.00,,,
4013.00,343.00,,,,172.00,,,,172.00,,,
4014.00,713.00,,,,455.00,,,,257.00,,,
4015.00,1085.00,,,,530.00,,,,555.00,,,
4017.00,457.00,,,,264.00,,,,193.00,,,
4019.00,299.00,,,,141.00,,,,158.00,,,
4021.00,707.00,,,,351.00,,,,356.00,,,
4022.00,280.00,,,,138.00,,,,142.00,,,
4024.00,319.00,,,,170.00,,,,149.00,,,
4025.00,499.00,,,,260.00,,,,239.00,,,
4026.00,810.00,,,,436.00,,,,374.00,,,
4028.00,461.00,,,,226.00,,,,235.00,,,
4100.00,7297.00,,,,3532.00,,,,3764.00,,,
4101.00,743.00,,,,374.00,,,,369.00,,,
4201.00,11180.00,,,,5665.00,,,,5514.00,,,
4203.00,3714.00,,,,1899.00,,,,1814.00,,,
4204.00,459.00,,,,221.00,,,,238.00,,,
4301.00,345.00,,,,184.00,,,,161.00,,,
4303.00,110.00,,,,56.00,,,,54.00,,,
4304.00,965.00,,,,406.00,,,,559.00,,,
4501.00,2659.00,,,,1346.00,,,,1313.00,,,
4502.00,2098.00,,,,1077.00,,,,1021.00,,,
4503.00,370.00,,,,193.00,,,,178.00,,,
4551.00,632.00,,,,320.00,,,,313.00,,,
4701.00,705.00,,,,308.00,,,,397.00,,,
4702.00,552.00,,,,275.00,,,,277.00,,,
5000.00,460613.00,414231.00,439854.00,20759.00,228378.00,206168.00,217593.00,10785.00,232234.00,208062.00,222260.00,9974.00
6000.00,29950.00,,,,15106.00,,,,14845.00,,,
6100.00,204639.00,,,,104752.00,,,,99887.00,,,
6200.00,129013.00,,,,61641.00,,,,67371.00,,,
6300.00,60644.00,,,,28759.00,,,,31885.00,,,
6400.00,97470.00,,,,47474.00,,,,49996.00,,,
6500.00,97335.00,,,,47944.00,,,,49391.00,,,
6600.00,196282.00,,,,94958.00,,,,101324.00,,,
6700.00,44779.00,,,,22377.00,,,,22401.00,,,
6800.00,59030.00,,,,28880.00,,,,30150.00,,,
6900.00,101432.00,,,,48845.00,,,,52587.00,,,
7000.00,77223.00,47400.00,53581.00,23642.00,38300.00,23600.00,26423.00,11877.00,38924.00,23801.00,27158.00,11765.00
7200.00,50351.00,,,,24741.00,,,,25610.00,,,
7300.00,77445.00,,,,,,,,,,,
7400.00,221353.00,,,,107851.00,,,,113502.00,,,
7500.00,31702.00,,,,16286.00,,,,15416.00,,,
7600.00,49380.00,29369.00,33551.00,15829.00,24402.00,14631.00,16619.00,7783.00,24978.00,14738.00,16932.00,8046.00
7700.00,54250.00,,,,26353.00,,,,27896.00,,,
7800.00,43011.00,,,,21056.00,,,,21956.00,,,
7900.00,247956.00,,,,121604.00,,,,126352.00,,,
8000.00,36094.00,,,,18252.00,,,,17843.00,,,
8200.00,43303.00,,,,20485.00,,,,22818.00,,,
8300.00,254384.00,,,,124797.00,,,,129587.00,,,
8400.00,143904.00,,,,70413.00,,,,73491.00,,,
8500.00,76246.00,54133.00,57946.00,18300.00,38738.00,27471.00,29274.00,9465.00,37508.00,26662.00,28673.00,8835.00
8600.00,163480.00,,,,78436.00,,,,85044.00,,,
8700.00,75421.00,,,,36834.00,,,,38587.00,,,
8800.00,42137.00,,,,21158.00,,,,20979.00,,,
8900.00,34392.00,,,,17376.00,,,,17016.00,,,
9000.00,209687.00,,,,102213.00,,,,107474.00,,,
9100.00,58096.00,,,,28225.00,,,,29872.00,,,
9200.00,18464.00,,,,9307.00,,,,9157.00,,,
9300.00,23206.00,,,,11366.00,,,,11840.00,,,
9400.00,29928.00,,,,14727.00,,,,15202.00,,,
9500.00,40231.00,,,,19337.00,,,,20893.00,,,
9600.00,39897.00,,,,18971.00,,,,20925.00,,,
9700.00,63175.00,,,,30770.00,,,,32404.00,,,
9800.00,15847.00,,,,7901.00,,,,7946.00,,,
